run_key,schema,n_positions,target_vol,max_leverage,weights_mode,training_years,is_dynamic,status,CAGR,Sharpe,MaxDD,alpha,training_months,AnnualVol,Calmar,WinRate,turnover_penalty,max_weight,weight_blend,total_trades,total_trading_days,source_run_key,hold_months,normalizacion,weight_model,risk_aversion,target_turnover,max_turnover,lambda_min,lambda_max
HRPRolling_20_0.10_1.0_equal,HRPRolling,20,0.1,1.0,equal,4.0,True,Completed,0.106306,0.6596,-0.402532,,,0.161159,0.2641,63.64,,,,,2997.0,,,optimizacion,,,,,,
HRPRolling_20_0.10_1.0_hrp,HRPRolling,20,0.1,1.0,hrp,4.0,True,Completed,0.076632,0.4977,-0.410745,,,0.153985,0.1866,66.43,,,,,2997.0,,,optimizacion,,,,,,
HRPRolling_20_0.10_1.0_markowitz_lw,HRPRolling,20,0.1,1.0,markowitz_lw,4.0,True,Completed,0.086451,0.5913,-0.461203,,,0.146216,0.1874,65.73,,,,,2997.0,,,optimizacion,,,,,,
HRPRolling_20_0.15_4.0_equal,HRPRolling,20,0.15,4.0,equal,4.0,True,Completed,0.142472,0.5606,-0.605921,,,0.254124,0.2351,63.64,,,,,2997.0,,,optimizacion,,,,,,
HRPRolling_20_0.15_4.0_hrp,HRPRolling,20,0.15,4.0,hrp,4.0,True,Completed,0.105081,0.3347,-0.729905,,,0.314001,0.144,66.43,,,,,2997.0,,,optimizacion,,,,,,
HRPRolling_20_0.15_4.0_markowitz_lw,HRPRolling,20,0.15,4.0,markowitz_lw,4.0,True,Completed,0.123979,0.505,-0.675931,,,0.245524,0.1834,65.73,,,,,2997.0,,,optimizacion,,,,,,
HRPRolling_30_0.10_1.0_equal,HRPRolling,30,0.1,1.0,equal,4.0,True,Completed,0.090881,0.5933,-0.412057,,,0.153167,0.2206,63.64,,,,,2997.0,,,optimizacion,,,,,,
HRPRolling_30_0.10_1.0_hrp,HRPRolling,30,0.1,1.0,hrp,4.0,True,Completed,0.062312,0.4285,-0.351399,,,0.145427,0.1773,64.34,,,,,2997.0,,,optimizacion,,,,,,
HRPRolling_30_0.10_1.0_markowitz_lw,HRPRolling,30,0.1,1.0,markowitz_lw,4.0,True,Completed,0.091524,0.6415,-0.458154,,,0.142668,0.1998,66.43,,,,,2997.0,,,optimizacion,,,,,,
HRPRolling_30_0.15_4.0_equal,HRPRolling,30,0.15,4.0,equal,4.0,True,Completed,0.120529,0.4862,-0.628155,,,0.247905,0.1919,62.94,,,,,2997.0,,,optimizacion,,,,,,
HRPRolling_30_0.15_4.0_hrp,HRPRolling,30,0.15,4.0,hrp,4.0,True,Completed,0.058414,0.2063,-0.683978,,,0.283134,0.0854,62.24,,,,,2997.0,,,optimizacion,,,,,,
HRPRolling_30_0.15_4.0_markowitz_lw,HRPRolling,30,0.15,4.0,markowitz_lw,4.0,True,Completed,0.105715,0.4155,-0.72383,,,0.254407,0.146,66.43,,,,,2997.0,,,optimizacion,,,,,,
KalmanEM_base_20_0.10_1.0_equal,KalmanEM_base,20,0.1,1.0,equal,4.0,True,Completed,0.106306,0.6596,-0.402532,,,0.161159,0.2641,63.64,,,,,2997.0,,,optimizacion,,,,,,
KalmanEM_base_20_0.10_1.0_hrp,KalmanEM_base,20,0.1,1.0,hrp,4.0,True,Completed,0.076632,0.4977,-0.410745,,,0.153985,0.1866,66.43,,,,,2997.0,,,optimizacion,,,,,,
KalmanEM_base_20_0.10_1.0_markowitz_lw,KalmanEM_base,20,0.1,1.0,markowitz_lw,4.0,True,Completed,0.086451,0.5913,-0.461203,,,0.146216,0.1874,65.73,,,,,2997.0,,,optimizacion,,,,,,
KalmanEM_base_20_0.15_4.0_equal,KalmanEM_base,20,0.15,4.0,equal,4.0,True,Completed,0.142472,0.5606,-0.605921,,,0.254124,0.2351,63.64,,,,,2997.0,,,optimizacion,,,,,,
KalmanEM_base_20_0.15_4.0_hrp,KalmanEM_base,20,0.15,4.0,hrp,4.0,True,Completed,0.105081,0.3347,-0.729905,,,0.314001,0.144,66.43,,,,,2997.0,,,optimizacion,,,,,,
KalmanEM_base_20_0.15_4.0_markowitz_lw,KalmanEM_base,20,0.15,4.0,markowitz_lw,4.0,True,Completed,0.123977,0.5049,-0.675936,,,0.245525,0.1834,65.73,,,,,2997.0,,,optimizacion,,,,,,
KalmanEM_base_30_0.10_1.0_equal,KalmanEM_base,30,0.1,1.0,equal,4.0,True,Completed,0.090881,0.5933,-0.412057,,,0.153167,0.2206,63.64,,,,,2997.0,,,optimizacion,,,,,,
KalmanEM_base_30_0.10_1.0_hrp,KalmanEM_base,30,0.1,1.0,hrp,4.0,True,Completed,0.062312,0.4285,-0.351399,,,0.145427,0.1773,64.34,,,,,2997.0,,,optimizacion,,,,,,
KalmanEM_base_30_0.10_1.0_markowitz_lw,KalmanEM_base,30,0.1,1.0,markowitz_lw,4.0,True,Completed,0.091524,0.6415,-0.458154,,,0.142668,0.1998,66.43,,,,,2997.0,,,optimizacion,,,,,,
KalmanEM_base_30_0.15_4.0_equal,KalmanEM_base,30,0.15,4.0,equal,4.0,True,Completed,0.120529,0.4862,-0.628155,,,0.247905,0.1919,62.94,,,,,2997.0,,,optimizacion,,,,,,
KalmanEM_base_30_0.15_4.0_hrp,KalmanEM_base,30,0.15,4.0,hrp,4.0,True,Completed,0.058414,0.2063,-0.683978,,,0.283134,0.0854,62.24,,,,,2997.0,,,optimizacion,,,,,,
KalmanEM_base_30_0.15_4.0_markowitz_lw,KalmanEM_base,30,0.15,4.0,markowitz_lw,4.0,True,Completed,0.105715,0.4155,-0.72383,,,0.254407,0.146,66.43,,,,,2997.0,,,optimizacion,,,,,,
KalmanEM_SB_20_0.10_1.0_equal,KalmanEM_SB,20,0.1,1.0,equal,4.0,True,Completed,0.106306,0.6596,-0.402532,,,0.161159,0.2641,63.64,,,,,2997.0,,,optimizacion,,,,,,
KalmanEM_SB_20_0.10_1.0_hrp,KalmanEM_SB,20,0.1,1.0,hrp,4.0,True,Completed,0.076632,0.4977,-0.410745,,,0.153985,0.1866,66.43,,,,,2997.0,,,optimizacion,,,,,,
KalmanEM_SB_20_0.10_1.0_markowitz_lw,KalmanEM_SB,20,0.1,1.0,markowitz_lw,4.0,True,Completed,0.086446,0.5912,-0.461224,,,0.146215,0.1874,65.73,,,,,2997.0,,,optimizacion,,,,,,
KalmanEM_SB_20_0.15_4.0_equal,KalmanEM_SB,20,0.15,4.0,equal,4.0,True,Completed,0.142472,0.5606,-0.605921,,,0.254124,0.2351,63.64,,,,,2997.0,,,optimizacion,,,,,,
KalmanEM_SB_20_0.15_4.0_hrp,KalmanEM_SB,20,0.15,4.0,hrp,4.0,True,Completed,0.105081,0.3347,-0.729905,,,0.314001,0.144,66.43,,,,,2997.0,,,optimizacion,,,,,,
KalmanEM_SB_20_0.15_4.0_markowitz_lw,KalmanEM_SB,20,0.15,4.0,markowitz_lw,4.0,True,Completed,0.123975,0.5049,-0.675925,,,0.245521,0.1834,65.73,,,,,2997.0,,,optimizacion,,,,,,
KalmanEM_SB_30_0.10_1.0_equal,KalmanEM_SB,30,0.1,1.0,equal,4.0,True,Completed,0.090881,0.5933,-0.412057,,,0.153167,0.2206,63.64,,,,,2997.0,,,optimizacion,,,,,,
KalmanEM_SB_30_0.10_1.0_hrp,KalmanEM_SB,30,0.1,1.0,hrp,4.0,True,Completed,0.062312,0.4285,-0.351399,,,0.145427,0.1773,64.34,,,,,2997.0,,,optimizacion,,,,,,
KalmanEM_SB_30_0.10_1.0_markowitz_lw,KalmanEM_SB,30,0.1,1.0,markowitz_lw,4.0,True,Completed,0.09157,0.6418,-0.458074,,,0.142667,0.1999,66.43,,,,,2997.0,,,optimizacion,,,,,,
KalmanEM_SB_30_0.15_4.0_equal,KalmanEM_SB,30,0.15,4.0,equal,4.0,True,Completed,0.120529,0.4862,-0.628155,,,0.247905,0.1919,62.94,,,,,2997.0,,,optimizacion,,,,,,
KalmanEM_SB_30_0.15_4.0_hrp,KalmanEM_SB,30,0.15,4.0,hrp,4.0,True,Completed,0.058414,0.2063,-0.683978,,,0.283134,0.0854,62.24,,,,,2997.0,,,optimizacion,,,,,,
KalmanEM_SB_30_0.15_4.0_markowitz_lw,KalmanEM_SB,30,0.15,4.0,markowitz_lw,4.0,True,Completed,0.105755,0.4157,-0.723858,,,0.254421,0.1461,66.43,,,,,2997.0,,,optimizacion,,,,,,
SB_Fijo_20_0.10_1.0_equal,SB_Fijo,20,0.1,1.0,equal,4.0,False,Completed,0.059127,0.445,-0.382995,,,,,,,,,,,,,optimizacion,,,,,,
SB_Fijo_20_0.10_1.0_hrp,SB_Fijo,20,0.1,1.0,hrp,4.0,False,Completed,0.04376,0.3116,-0.458044,,,,,,,,,,,,,optimizacion,,,,,,
SB_Fijo_20_0.10_1.0_markowitz_lw,SB_Fijo,20,0.1,1.0,markowitz_lw,4.0,False,Completed,0.067504,0.4882,-0.398476,,,,,,,,,,,,,optimizacion,,,,,,
SB_Fijo_20_0.15_4.0_equal,SB_Fijo,20,0.15,4.0,equal,4.0,False,Completed,0.074107,0.3438,-0.583464,,,,,,,,,,,,,optimizacion,,,,,,
SB_Fijo_20_0.15_4.0_hrp,SB_Fijo,20,0.15,4.0,hrp,4.0,False,Completed,0.044778,0.1843,-0.681385,,,,,,,,,,,,,optimizacion,,,,,,
SB_Fijo_20_0.15_4.0_markowitz_lw,SB_Fijo,20,0.15,4.0,markowitz_lw,4.0,False,Completed,0.085099,0.3849,-0.59328,,,,,,,,,,,,,optimizacion,,,,,,
SB_Fijo_30_0.10_1.0_equal,SB_Fijo,30,0.1,1.0,equal,4.0,False,Completed,0.059515,0.4432,-0.397526,,,,,,,,,,,,,optimizacion,,,,,,
SB_Fijo_30_0.10_1.0_hrp,SB_Fijo,30,0.1,1.0,hrp,4.0,False,Completed,0.069202,0.5401,-0.364728,,,,,,,,,,,,,optimizacion,,,,,,
SB_Fijo_30_0.10_1.0_markowitz_lw,SB_Fijo,30,0.1,1.0,markowitz_lw,4.0,False,Completed,0.065447,0.4633,-0.410204,,,,,,,,,,,,,optimizacion,,,,,,
SB_Fijo_30_0.15_4.0_equal,SB_Fijo,30,0.15,4.0,equal,4.0,False,Completed,0.080045,0.3644,-0.587421,,,,,,,,,,,,,optimizacion,,,,,,
SB_Fijo_30_0.15_4.0_hrp,SB_Fijo,30,0.15,4.0,hrp,4.0,False,Completed,0.079705,0.3432,-0.613341,,,,,,,,,,,,,optimizacion,,,,,,
SB_Fijo_30_0.15_4.0_markowitz_lw,SB_Fijo,30,0.15,4.0,markowitz_lw,4.0,False,Completed,0.08519,0.3673,-0.613894,,,,,,,,,,,,,optimizacion,,,,,,
EM_Fijo_20_0.10_1.0_equal,EM_Fijo,20,0.1,1.0,equal,4.0,False,Completed,0.073906,0.623,-0.319981,,,0.118633,0.231,58.74,,,,,2997.0,,,optimizacion,,,,,,
EM_Fijo_20_0.10_1.0_hrp,EM_Fijo,20,0.1,1.0,hrp,4.0,False,Completed,0.056211,0.4172,-0.41502,,,0.134723,0.1354,61.54,,,,,2997.0,,,optimizacion,,,,,,
EM_Fijo_20_0.10_1.0_markowitz_lw,EM_Fijo,20,0.1,1.0,markowitz_lw,4.0,False,Completed,0.07373,0.5974,-0.363481,,,0.123423,0.2028,60.84,,,,,2997.0,,,optimizacion,,,,,,
EM_Fijo_20_0.15_4.0_equal,EM_Fijo,20,0.15,4.0,equal,4.0,False,Completed,0.10709,0.592,-0.456574,,,0.180893,0.2346,58.74,,,,,2997.0,,,optimizacion,,,,,,
EM_Fijo_20_0.15_4.0_hrp,EM_Fijo,20,0.15,4.0,hrp,4.0,False,Completed,0.076217,0.3546,-0.58956,,,0.214953,0.1293,61.54,,,,,2997.0,,,optimizacion,,,,,,
EM_Fijo_20_0.15_4.0_markowitz_lw,EM_Fijo,20,0.15,4.0,markowitz_lw,4.0,False,Completed,0.10561,0.5565,-0.519696,,,0.189775,0.2032,60.84,,,,,2997.0,,,optimizacion,,,,,,
EM_Fijo_30_0.10_1.0_equal,EM_Fijo,30,0.1,1.0,equal,4.0,False,Completed,0.059537,0.4417,-0.393207,,,0.134796,0.1514,59.44,,,,,2997.0,,,optimizacion,,,,,,
EM_Fijo_30_0.10_1.0_hrp,EM_Fijo,30,0.1,1.0,hrp,4.0,False,Completed,0.05732,0.4219,-0.398806,,,0.135877,0.1437,62.24,,,,,2997.0,,,optimizacion,,,,,,
EM_Fijo_30_0.10_1.0_markowitz_lw,EM_Fijo,30,0.1,1.0,markowitz_lw,4.0,False,Completed,0.079654,0.6352,-0.345234,,,0.125407,0.2307,59.44,,,,,2997.0,,,optimizacion,,,,,,
EM_Fijo_30_0.15_4.0_equal,EM_Fijo,30,0.15,4.0,equal,4.0,False,Completed,0.083253,0.3932,-0.557889,,,0.211723,0.1492,59.44,,,,,2997.0,,,optimizacion,,,,,,
EM_Fijo_30_0.15_4.0_hrp,EM_Fijo,30,0.15,4.0,hrp,4.0,False,Completed,0.074378,0.2784,-0.675212,,,0.267208,0.1102,62.24,,,,,2997.0,,,optimizacion,,,,,,
EM_Fijo_30_0.15_4.0_markowitz_lw,EM_Fijo,30,0.15,4.0,markowitz_lw,4.0,False,Completed,0.11403,0.5912,-0.495367,,,0.192865,0.2302,59.44,,,,,2997.0,,,optimizacion,,,,,,
HRP_Fijo_20_0.10_1.0_equal,HRP_Fijo,20,0.1,1.0,equal,4.0,False,Completed,0.084641,0.6364,-0.392833,,,0.13301,0.2155,65.03,,,,,2997.0,,,optimizacion,,,,,,
HRP_Fijo_20_0.10_1.0_hrp,HRP_Fijo,20,0.1,1.0,hrp,4.0,False,Completed,0.087868,0.6743,-0.405105,,,0.130306,0.2169,61.54,,,,,2997.0,,,optimizacion,,,,,,
HRP_Fijo_20_0.10_1.0_markowitz_lw,HRP_Fijo,20,0.1,1.0,markowitz_lw,4.0,False,Completed,0.089452,0.6698,-0.401673,,,0.133548,0.2227,62.94,,,,,2997.0,,,optimizacion,,,,,,
HRP_Fijo_20_0.15_4.0_equal,HRP_Fijo,20,0.15,4.0,equal,4.0,False,Completed,0.109961,0.5013,-0.575992,,,0.219356,0.1909,63.64,,,,,2997.0,,,optimizacion,,,,,,
HRP_Fijo_20_0.15_4.0_hrp,HRP_Fijo,20,0.15,4.0,hrp,4.0,False,Completed,0.113985,0.4265,-0.696865,,,0.267268,0.1636,60.84,,,,,2997.0,,,optimizacion,,,,,,
HRP_Fijo_20_0.15_4.0_markowitz_lw,HRP_Fijo,20,0.15,4.0,markowitz_lw,4.0,False,Completed,0.126205,0.4517,-0.717221,,,0.279376,0.176,59.44,,,,,2997.0,,,optimizacion,,,,,,
HRP_Fijo_30_0.10_1.0_equal,HRP_Fijo,30,0.1,1.0,equal,4.0,False,Completed,0.086135,0.6431,-0.414135,,,0.133938,0.208,63.64,,,,,2997.0,,,optimizacion,,,,,,
HRP_Fijo_30_0.10_1.0_hrp,HRP_Fijo,30,0.1,1.0,hrp,4.0,False,Completed,0.085839,0.6739,-0.398083,,,0.127379,0.2156,63.64,,,,,2997.0,,,optimizacion,,,,,,
HRP_Fijo_30_0.10_1.0_markowitz_lw,HRP_Fijo,30,0.1,1.0,markowitz_lw,4.0,False,Completed,0.08248,0.6502,-0.399949,,,0.126857,0.2062,60.84,,,,,2997.0,,,optimizacion,,,,,,
HRP_Fijo_30_0.15_4.0_equal,HRP_Fijo,30,0.15,4.0,equal,4.0,False,Completed,0.115926,0.4299,-0.686656,,,0.269659,0.1688,63.64,,,,,2997.0,,,optimizacion,,,,,,
HRP_Fijo_30_0.15_4.0_hrp,HRP_Fijo,30,0.15,4.0,hrp,4.0,False,Completed,0.121476,0.4448,-0.712918,,,0.273079,0.1704,62.24,,,,,2997.0,,,optimizacion,,,,,,
HRP_Fijo_30_0.15_4.0_markowitz_lw,HRP_Fijo,30,0.15,4.0,markowitz_lw,4.0,False,Completed,0.124182,0.4419,-0.733092,,,0.281012,0.1694,60.84,,,,,2997.0,,,optimizacion,,,,,,
HRPRolling_20_0.10_1.0_equal_2y,HRPRolling,20,0.1,1.0,equal,2.0,True,Completed,0.082893,0.5974,-0.38823,,,,,,,,,,,,,optimizacion,,,,,,
HRPRolling_20_0.10_1.0_hrp_2y,HRPRolling,20,0.1,1.0,hrp,2.0,True,Completed,0.054974,0.3729,-0.381858,,,,,,,,,,,,,optimizacion,,,,,,
HRPRolling_20_0.10_1.0_markowitz_lw_2y,HRPRolling,20,0.1,1.0,markowitz_lw,2.0,True,Completed,0.088192,0.6593,-0.394612,,,,,,,,,,,,,optimizacion,,,,,,
HRPRolling_20_0.15_4.0_equal_2y,HRPRolling,20,0.15,4.0,equal,2.0,True,Completed,0.127663,0.4572,-0.682799,,,,,,,,,,,,,optimizacion,,,,,,
HRPRolling_20_0.15_4.0_hrp_2y,HRPRolling,20,0.15,4.0,hrp,2.0,True,Completed,0.074875,0.2419,-0.741686,,,,,,,,,,,,,optimizacion,,,,,,
HRPRolling_20_0.15_4.0_markowitz_lw_2y,HRPRolling,20,0.15,4.0,markowitz_lw,2.0,True,Completed,0.112315,0.4443,-0.689608,,,,,,,,,,,,,optimizacion,,,,,,
HRPRolling_30_0.10_1.0_equal_2y,HRPRolling,30,0.1,1.0,equal,2.0,True,Completed,0.098227,0.6626,-0.423196,,,,,,,,,,,,,optimizacion,,,,,,
HRPRolling_30_0.10_1.0_hrp_2y,HRPRolling,30,0.1,1.0,hrp,2.0,True,Completed,0.063487,0.4429,-0.354301,,,,,,,,,,,,,optimizacion,,,,,,
HRPRolling_30_0.10_1.0_markowitz_lw_2y,HRPRolling,30,0.1,1.0,markowitz_lw,2.0,True,Completed,0.093172,0.7058,-0.385465,,,,,,,,,,,,,optimizacion,,,,,,
HRPRolling_30_0.15_4.0_equal_2y,HRPRolling,30,0.15,4.0,equal,2.0,True,Completed,0.13011,0.5363,-0.651538,,,,,,,,,,,,,optimizacion,,,,,,
HRPRolling_30_0.15_4.0_hrp_2y,HRPRolling,30,0.15,4.0,hrp,2.0,True,Completed,0.07692,0.2636,-0.708115,,,,,,,,,,,,,optimizacion,,,,,,
HRPRolling_30_0.15_4.0_markowitz_lw_2y,HRPRolling,30,0.15,4.0,markowitz_lw,2.0,True,Completed,0.117031,0.4702,-0.68759,,,,,,,,,,,,,optimizacion,,,,,,
KalmanEM_base_20_0.10_1.0_equal_2y,KalmanEM_base,20,0.1,1.0,equal,2.0,True,Completed,0.082893,0.5974,-0.38823,,,,,,,,,,,,,optimizacion,,,,,,
KalmanEM_base_20_0.10_1.0_hrp_2y,KalmanEM_base,20,0.1,1.0,hrp,2.0,True,Completed,0.054974,0.3729,-0.381858,,,,,,,,,,,,,optimizacion,,,,,,
KalmanEM_base_20_0.10_1.0_markowitz_lw_2y,KalmanEM_base,20,0.1,1.0,markowitz_lw,2.0,True,Completed,0.088192,0.6593,-0.394612,,,,,,,,,,,,,optimizacion,,,,,,
KalmanEM_base_20_0.15_4.0_equal_2y,KalmanEM_base,20,0.15,4.0,equal,2.0,True,Completed,0.127663,0.4572,-0.682799,,,,,,,,,,,,,optimizacion,,,,,,
KalmanEM_base_20_0.15_4.0_hrp_2y,KalmanEM_base,20,0.15,4.0,hrp,2.0,True,Completed,0.074875,0.2419,-0.741686,,,,,,,,,,,,,optimizacion,,,,,,
KalmanEM_base_20_0.15_4.0_markowitz_lw_2y,KalmanEM_base,20,0.15,4.0,markowitz_lw,2.0,True,Completed,0.112315,0.4443,-0.689608,,,,,,,,,,,,,optimizacion,,,,,,
KalmanEM_base_30_0.10_1.0_equal_2y,KalmanEM_base,30,0.1,1.0,equal,2.0,True,Completed,0.098227,0.6626,-0.423196,,,,,,,,,,,,,optimizacion,,,,,,
KalmanEM_base_30_0.10_1.0_hrp_2y,KalmanEM_base,30,0.1,1.0,hrp,2.0,True,Completed,0.063487,0.4429,-0.354301,,,,,,,,,,,,,optimizacion,,,,,,
KalmanEM_base_30_0.10_1.0_markowitz_lw_2y,KalmanEM_base,30,0.1,1.0,markowitz_lw,2.0,True,Completed,0.093172,0.7058,-0.385465,,,,,,,,,,,,,optimizacion,,,,,,
KalmanEM_base_30_0.15_4.0_equal_2y,KalmanEM_base,30,0.15,4.0,equal,2.0,True,Completed,0.13011,0.5363,-0.651538,,,,,,,,,,,,,optimizacion,,,,,,
KalmanEM_base_30_0.15_4.0_hrp_2y,KalmanEM_base,30,0.15,4.0,hrp,2.0,True,Completed,0.07692,0.2636,-0.708115,,,,,,,,,,,,,optimizacion,,,,,,
KalmanEM_base_30_0.15_4.0_markowitz_lw_2y,KalmanEM_base,30,0.15,4.0,markowitz_lw,2.0,True,Completed,0.117031,0.4702,-0.68759,,,,,,,,,,,,,optimizacion,,,,,,
KalmanEM_SB_20_0.10_1.0_equal_2y,KalmanEM_SB,20,0.1,1.0,equal,2.0,True,Completed,0.082893,0.5974,-0.38823,,,,,,,,,,,,,optimizacion,,,,,,
KalmanEM_SB_20_0.10_1.0_hrp_2y,KalmanEM_SB,20,0.1,1.0,hrp,2.0,True,Completed,0.054974,0.3729,-0.381858,,,,,,,,,,,,,optimizacion,,,,,,
KalmanEM_SB_20_0.10_1.0_markowitz_lw_2y,KalmanEM_SB,20,0.1,1.0,markowitz_lw,2.0,True,Completed,0.088192,0.6593,-0.394612,,,,,,,,,,,,,optimizacion,,,,,,
KalmanEM_SB_20_0.15_4.0_equal_2y,KalmanEM_SB,20,0.15,4.0,equal,2.0,True,Completed,0.127663,0.4572,-0.682799,,,,,,,,,,,,,optimizacion,,,,,,
KalmanEM_SB_20_0.15_4.0_hrp_2y,KalmanEM_SB,20,0.15,4.0,hrp,2.0,True,Completed,0.074875,0.2419,-0.741686,,,,,,,,,,,,,optimizacion,,,,,,
KalmanEM_SB_20_0.15_4.0_markowitz_lw_2y,KalmanEM_SB,20,0.15,4.0,markowitz_lw,2.0,True,Completed,0.112315,0.4443,-0.689609,,,,,,,,,,,,,optimizacion,,,,,,
KalmanEM_SB_30_0.10_1.0_equal_2y,KalmanEM_SB,30,0.1,1.0,equal,2.0,True,Completed,0.098227,0.6626,-0.423196,,,,,,,,,,,,,optimizacion,,,,,,
KalmanEM_SB_30_0.10_1.0_hrp_2y,KalmanEM_SB,30,0.1,1.0,hrp,2.0,True,Completed,0.063487,0.4429,-0.354301,,,,,,,,,,,,,optimizacion,,,,,,
KalmanEM_SB_30_0.10_1.0_markowitz_lw_2y,KalmanEM_SB,30,0.1,1.0,markowitz_lw,2.0,True,Completed,0.093172,0.7058,-0.385465,,,,,,,,,,,,,optimizacion,,,,,,
KalmanEM_SB_30_0.15_4.0_equal_2y,KalmanEM_SB,30,0.15,4.0,equal,2.0,True,Completed,0.13011,0.5363,-0.651538,,,,,,,,,,,,,optimizacion,,,,,,
KalmanEM_SB_30_0.15_4.0_hrp_2y,KalmanEM_SB,30,0.15,4.0,hrp,2.0,True,Completed,0.07692,0.2636,-0.708115,,,,,,,,,,,,,optimizacion,,,,,,
KalmanEM_SB_30_0.15_4.0_markowitz_lw_2y,KalmanEM_SB,30,0.15,4.0,markowitz_lw,2.0,True,Completed,0.117031,0.4702,-0.68759,,,,,,,,,,,,,optimizacion,,,,,,
SB_Fijo_20_0.10_1.0_equal_2y,SB_Fijo,20,0.1,1.0,equal,2.0,False,Completed,0.059127,0.445,-0.382995,,,,,,,,,,,,,optimizacion,,,,,,
SB_Fijo_20_0.10_1.0_hrp_2y,SB_Fijo,20,0.1,1.0,hrp,2.0,False,Completed,0.04376,0.3116,-0.458044,,,,,,,,,,,,,optimizacion,,,,,,
SB_Fijo_20_0.10_1.0_markowitz_lw_2y,SB_Fijo,20,0.1,1.0,markowitz_lw,2.0,False,Completed,0.067504,0.4882,-0.398476,,,,,,,,,,,,,optimizacion,,,,,,
SB_Fijo_20_0.15_4.0_equal_2y,SB_Fijo,20,0.15,4.0,equal,2.0,False,Completed,0.074107,0.3438,-0.583464,,,,,,,,,,,,,optimizacion,,,,,,
SB_Fijo_20_0.15_4.0_hrp_2y,SB_Fijo,20,0.15,4.0,hrp,2.0,False,Completed,0.044778,0.1843,-0.681385,,,,,,,,,,,,,optimizacion,,,,,,
SB_Fijo_20_0.15_4.0_markowitz_lw_2y,SB_Fijo,20,0.15,4.0,markowitz_lw,2.0,False,Completed,0.085099,0.3849,-0.59328,,,,,,,,,,,,,optimizacion,,,,,,
SB_Fijo_30_0.10_1.0_equal_2y,SB_Fijo,30,0.1,1.0,equal,2.0,False,Completed,0.059515,0.4432,-0.397526,,,,,,,,,,,,,optimizacion,,,,,,
SB_Fijo_30_0.10_1.0_hrp_2y,SB_Fijo,30,0.1,1.0,hrp,2.0,False,Completed,0.069202,0.5401,-0.364728,,,,,,,,,,,,,optimizacion,,,,,,
SB_Fijo_30_0.10_1.0_markowitz_lw_2y,SB_Fijo,30,0.1,1.0,markowitz_lw,2.0,False,Completed,0.065447,0.4633,-0.410204,,,,,,,,,,,,,optimizacion,,,,,,
SB_Fijo_30_0.15_4.0_equal_2y,SB_Fijo,30,0.15,4.0,equal,2.0,False,Completed,0.080045,0.3644,-0.587421,,,,,,,,,,,,,optimizacion,,,,,,
SB_Fijo_30_0.15_4.0_hrp_2y,SB_Fijo,30,0.15,4.0,hrp,2.0,False,Completed,0.079705,0.3432,-0.613341,,,,,,,,,,,,,optimizacion,,,,,,
SB_Fijo_30_0.15_4.0_markowitz_lw_2y,SB_Fijo,30,0.15,4.0,markowitz_lw,2.0,False,Completed,0.08519,0.3673,-0.613894,,,,,,,,,,,,,optimizacion,,,,,,
EM_Fijo_20_0.10_1.0_equal_2y,EM_Fijo,20,0.1,1.0,equal,2.0,False,Completed,0.084807,0.6748,-0.38121,,,0.125675,0.2225,62.24,,,,,2997.0,,,optimizacion,,,,,,
EM_Fijo_20_0.10_1.0_hrp_2y,EM_Fijo,20,0.1,1.0,hrp,2.0,False,Completed,0.073006,0.5416,-0.415983,,,0.134803,0.1755,65.03,,,,,2997.0,,,optimizacion,,,,,,
EM_Fijo_20_0.10_1.0_markowitz_lw_2y,EM_Fijo,20,0.1,1.0,markowitz_lw,2.0,False,Completed,0.114638,0.9048,-0.360596,,,0.126698,0.3179,65.03,,,,,2997.0,,,optimizacion,,,,,,
EM_Fijo_20_0.15_4.0_equal_2y,EM_Fijo,20,0.15,4.0,equal,2.0,False,Completed,0.121187,0.6212,-0.540129,,,0.195082,0.2244,62.24,,,,,2997.0,,,optimizacion,,,,,,
EM_Fijo_20_0.15_4.0_hrp_2y,EM_Fijo,20,0.15,4.0,hrp,2.0,False,Completed,0.091209,0.4026,-0.624052,,,0.22657,0.1462,65.03,,,,,2997.0,,,optimizacion,,,,,,
EM_Fijo_20_0.15_4.0_markowitz_lw_2y,EM_Fijo,20,0.15,4.0,markowitz_lw,2.0,False,Completed,0.168091,0.8588,-0.516166,,,0.195722,0.3257,65.03,,,,,2997.0,,,optimizacion,,,,,,
EM_Fijo_30_0.10_1.0_equal_2y,EM_Fijo,30,0.1,1.0,equal,2.0,False,Completed,0.055753,0.4188,-0.415425,,,0.133117,0.1342,59.44,,,,,2997.0,,,optimizacion,,,,,,
EM_Fijo_30_0.10_1.0_hrp_2y,EM_Fijo,30,0.1,1.0,hrp,2.0,False,Completed,0.057291,0.4411,-0.3959,,,0.129878,0.1447,65.03,,,,,2997.0,,,optimizacion,,,,,,
EM_Fijo_30_0.10_1.0_markowitz_lw_2y,EM_Fijo,30,0.1,1.0,markowitz_lw,2.0,False,Completed,0.105782,0.7982,-0.39867,,,0.13253,0.2653,64.34,,,,,2997.0,,,optimizacion,,,,,,
EM_Fijo_30_0.15_4.0_equal_2y,EM_Fijo,30,0.15,4.0,equal,2.0,False,Completed,0.070723,0.3257,-0.617562,,,0.217147,0.1145,59.44,,,,,2997.0,,,optimizacion,,,,,,
EM_Fijo_30_0.15_4.0_hrp_2y,EM_Fijo,30,0.15,4.0,hrp,2.0,False,Completed,0.07025,0.2599,-0.701367,,,0.270346,0.1002,64.34,,,,,2997.0,,,optimizacion,,,,,,
EM_Fijo_30_0.15_4.0_markowitz_lw_2y,EM_Fijo,30,0.15,4.0,markowitz_lw,2.0,False,Completed,0.148046,0.7026,-0.576665,,,0.210714,0.2567,65.03,,,,,2997.0,,,optimizacion,,,,,,
HRP_Fijo_20_0.10_1.0_equal_2y,HRP_Fijo,20,0.1,1.0,equal,2.0,False,Completed,0.074021,0.5473,-0.426736,,,0.13525,0.1735,64.34,,,,,2997.0,,,optimizacion,,,,,,
HRP_Fijo_20_0.10_1.0_hrp_2y,HRP_Fijo,20,0.1,1.0,hrp,2.0,False,Completed,0.069442,0.5209,-0.452851,,,0.133314,0.1533,67.13,,,,,2997.0,,,optimizacion,,,,,,
HRP_Fijo_20_0.10_1.0_markowitz_lw_2y,HRP_Fijo,20,0.1,1.0,markowitz_lw,2.0,False,Completed,0.082899,0.6343,-0.434944,,,0.13069,0.1906,65.73,,,,,2997.0,,,optimizacion,,,,,,
HRP_Fijo_20_0.15_4.0_equal_2y,HRP_Fijo,20,0.15,4.0,equal,2.0,False,Completed,0.102724,0.4734,-0.605333,,,0.217012,0.1697,64.34,,,,,2997.0,,,optimizacion,,,,,,
HRP_Fijo_20_0.15_4.0_hrp_2y,HRP_Fijo,20,0.15,4.0,hrp,2.0,False,Completed,0.077033,0.2901,-0.749116,,,0.265582,0.1028,67.13,,,,,2997.0,,,optimizacion,,,,,,
HRP_Fijo_20_0.15_4.0_markowitz_lw_2y,HRP_Fijo,20,0.15,4.0,markowitz_lw,2.0,False,Completed,0.098899,0.3935,-0.717641,,,0.251307,0.1378,65.73,,,,,2997.0,,,optimizacion,,,,,,
HRP_Fijo_30_0.10_1.0_equal_2y,HRP_Fijo,30,0.1,1.0,equal,2.0,False,Completed,0.072515,0.5193,-0.450694,,,0.139652,0.1609,64.34,,,,,2997.0,,,optimizacion,,,,,,
HRP_Fijo_30_0.10_1.0_hrp_2y,HRP_Fijo,30,0.1,1.0,hrp,2.0,False,Completed,0.067214,0.507,-0.436894,,,0.132564,0.1538,65.73,,,,,2997.0,,,optimizacion,,,,,,
HRP_Fijo_30_0.10_1.0_markowitz_lw_2y,HRP_Fijo,30,0.1,1.0,markowitz_lw,2.0,False,Completed,0.075678,0.5947,-0.419073,,,0.127251,0.1806,62.94,,,,,2997.0,,,optimizacion,,,,,,
HRP_Fijo_30_0.15_4.0_equal_2y,HRP_Fijo,30,0.15,4.0,equal,2.0,False,Completed,0.092832,0.3863,-0.664769,,,0.240307,0.1396,64.34,,,,,2997.0,,,optimizacion,,,,,,
HRP_Fijo_30_0.15_4.0_hrp_2y,HRP_Fijo,30,0.15,4.0,hrp,2.0,False,Completed,0.095036,0.2715,-0.808681,,,0.349987,0.1175,65.03,,,,,2997.0,,,optimizacion,,,,,,
HRP_Fijo_30_0.15_4.0_markowitz_lw_2y,HRP_Fijo,30,0.15,4.0,markowitz_lw,2.0,False,Completed,0.099308,0.3136,-0.785336,,,0.316678,0.1265,62.24,,,,,2997.0,,,optimizacion,,,,,,
KalmanEM_SB_30_0.10_1.0_markowitz_lw_2y_decarte,KalmanEM_SB,30,0.1,1.0,markowitz_lw,2.0,True,Completed,0.055935,0.4256,-0.480729,,,0.131439,0.1164,63.64,,,,,,,,decarte,,,,,,
HRPRolling_30_0.10_1.0_markowitz_lw_2y_decarte,HRPRolling,30,0.1,1.0,markowitz_lw,2.0,True,Completed,0.055935,0.4256,-0.480729,,,0.131439,0.1164,63.64,,,,,,,,decarte,,,,,,
KalmanEM_base_30_0.10_1.0_markowitz_lw_2y_decarte,KalmanEM_base,30,0.1,1.0,markowitz_lw,2.0,True,Completed,0.055935,0.4256,-0.480729,,,0.131439,0.1164,63.64,,,,,,,,decarte,,,,,,
EM_Fijo_Reentrenado_20_0.10_1.0_markowitz_lw_2y_h42_decarte,EM_Fijo_Reentrenado,20,0.1,1.0,markowitz_lw,2.0,True,Completed,0.062132,0.496,-0.349397,,24.0,0.125255,0.1778,59.44,,,,,,EM_Fijo_20_0.10_1.0_markowitz_lw_2y,42.0,decarte,,,,,,
HRPRolling_30_0.10_1.0_equal_2y_decarte,HRPRolling,30,0.1,1.0,equal,2.0,True,Completed,0.05922,0.4433,-0.427737,,,0.133602,0.1385,62.24,,,,,,,,decarte,,,,,,
KalmanEM_SB_30_0.10_1.0_equal_2y_decarte,KalmanEM_SB,30,0.1,1.0,equal,2.0,True,Completed,0.05922,0.4433,-0.427737,,,0.133602,0.1385,62.24,,,,,,,,decarte,,,,,,
KalmanEM_base_30_0.10_1.0_equal_2y_decarte,KalmanEM_base,30,0.1,1.0,equal,2.0,True,Completed,0.05922,0.4433,-0.427737,,,0.133602,0.1385,62.24,,,,,,,,decarte,,,,,,
KalmanEM_base_20_0.10_1.0_markowitz_lw_2y_decarte,KalmanEM_base,20,0.1,1.0,markowitz_lw,2.0,True,Completed,0.060814,0.4728,-0.439459,,,0.128633,0.1384,61.54,,,,,,,,decarte,,,,,,
HRPRolling_20_0.10_1.0_markowitz_lw_2y_decarte,HRPRolling,20,0.1,1.0,markowitz_lw,2.0,True,Completed,0.060814,0.4728,-0.439459,,,0.128633,0.1384,61.54,,,,,,,,decarte,,,,,,
KalmanEM_SB_20_0.10_1.0_markowitz_lw_2y_decarte,KalmanEM_SB,20,0.1,1.0,markowitz_lw,2.0,True,Completed,0.060814,0.4728,-0.439459,,,0.128633,0.1384,61.54,,,,,,,,decarte,,,,,,
EM_Fijo_Reentrenado_30_0.10_1.0_markowitz_lw_2y_h42_decarte,EM_Fijo_Reentrenado,30,0.1,1.0,markowitz_lw,2.0,True,Completed,0.065871,0.5119,-0.354103,,24.0,0.128675,0.186,64.34,,,,,,EM_Fijo_30_0.10_1.0_markowitz_lw_2y,42.0,decarte,,,,,,
HRPRolling_20_0.10_1.0_equal_decarte,HRPRolling,20,0.1,1.0,equal,4.0,True,Completed,0.097523,0.6623,-0.390002,,,0.147252,0.2501,65.03,,,,,,,,decarte,,,,,,
KalmanEM_SB_20_0.10_1.0_equal_decarte,KalmanEM_SB,20,0.1,1.0,equal,4.0,True,Completed,0.097899,0.6646,-0.390244,,,0.147306,0.2509,65.03,,,,,,,,decarte,,,,,,
KalmanEM_base_20_0.10_1.0_equal_decarte,KalmanEM_base,20,0.1,1.0,equal,4.0,True,Completed,0.097523,0.6623,-0.390002,,,0.147252,0.2501,65.03,,,,,,,,decarte,,,,,,
EM_Fijo_Reentrenado_20_0.10_1.0_markowitz_lw_2y_h30_decarte,EM_Fijo_Reentrenado,20,0.1,1.0,markowitz_lw,2.0,True,Completed,0.035072,0.2587,-0.377061,,24.0,0.135559,0.093,59.44,,,,,,EM_Fijo_20_0.10_1.0_markowitz_lw_2y,30.0,decarte,,,,,,
EM_Fijo_Reentrenado_20_0.15_4.0_markowitz_lw_2y_h42_decarte,EM_Fijo_Reentrenado,20,0.15,4.0,markowitz_lw,2.0,True,Completed,0.089145,0.4614,-0.499273,,24.0,0.193204,0.1786,59.44,,,,,,EM_Fijo_20_0.15_4.0_markowitz_lw_2y,42.0,decarte,,,,,,
KalmanEM_base_20_0.10_1.0_markowitz_lw_decarte,KalmanEM_base,20,0.1,1.0,markowitz_lw,4.0,True,Completed,0.071758,0.5955,-0.401699,,,0.120511,0.1786,62.24,,,,,,,,decarte,,,,,,
HRPRolling_20_0.10_1.0_markowitz_lw_decarte,HRPRolling,20,0.1,1.0,markowitz_lw,4.0,True,Completed,0.071758,0.5955,-0.401699,,,0.120511,0.1786,62.24,,,,,,,,decarte,,,,,,
HRPRolling_30_0.10_1.0_equal_decarte,HRPRolling,30,0.1,1.0,equal,4.0,True,Completed,0.086654,0.6258,-0.406326,,,0.138462,0.2133,63.64,,,,,,,,decarte,,,,,,
KalmanEM_SB_30_0.10_1.0_equal_decarte,KalmanEM_SB,30,0.1,1.0,equal,4.0,True,Completed,0.086654,0.6258,-0.406326,,,0.138462,0.2133,63.64,,,,,,,,decarte,,,,,,
KalmanEM_base_30_0.10_1.0_equal_decarte,KalmanEM_base,30,0.1,1.0,equal,4.0,True,Completed,0.086654,0.6258,-0.406326,,,0.138462,0.2133,63.64,,,,,,,,decarte,,,,,,
KalmanEM_SB_20_0.10_1.0_markowitz_lw_decarte,KalmanEM_SB,20,0.1,1.0,markowitz_lw,4.0,True,Completed,0.071773,0.5955,-0.40174,,,0.120516,0.1787,62.24,,,,,,,,decarte,,,,,,
EM_Fijo_Reentrenado_20_0.10_1.0_markowitz_lw_2y_h24_decarte,EM_Fijo_Reentrenado,20,0.1,1.0,markowitz_lw,2.0,True,Completed,0.050338,0.4093,-0.28801,,24.0,0.122975,0.1748,60.84,,,,,,EM_Fijo_20_0.10_1.0_markowitz_lw_2y,24.0,decarte,,,,,,
KalmanEM_base_20_0.10_1.0_equal_2y_decarte,KalmanEM_base,20,0.1,1.0,equal,2.0,True,Completed,0.059859,0.4575,-0.414419,,,0.130849,0.1444,64.34,,,,,,,,decarte,,,,,,
KalmanEM_SB_20_0.10_1.0_equal_2y_decarte,KalmanEM_SB,20,0.1,1.0,equal,2.0,True,Completed,0.059859,0.4575,-0.414419,,,0.130849,0.1444,64.34,,,,,,,,decarte,,,,,,
HRPRolling_20_0.10_1.0_equal_2y_decarte,HRPRolling,20,0.1,1.0,equal,2.0,True,Completed,0.059859,0.4575,-0.414419,,,0.130849,0.1444,64.34,,,,,,,,decarte,,,,,,
KalmanEM_SB_30_0.10_1.0_markowitz_lw_decarte,KalmanEM_SB,30,0.1,1.0,markowitz_lw,4.0,True,Completed,0.070126,0.5528,-0.432638,,,0.126866,0.1621,62.94,,,,,,,,decarte,,,,,,
KalmanEM_base_30_0.10_1.0_markowitz_lw_decarte,KalmanEM_base,30,0.1,1.0,markowitz_lw,4.0,True,Completed,0.070113,0.5526,-0.432655,,,0.126868,0.1621,62.94,,,,,,,,decarte,,,,,,
HRPRolling_30_0.10_1.0_markowitz_lw_decarte,HRPRolling,30,0.1,1.0,markowitz_lw,4.0,True,Completed,0.070113,0.5526,-0.432655,,,0.126868,0.1621,62.94,,,,,,,,decarte,,,,,,
EM_Fijo_Reentrenado_20_0.15_4.0_markowitz_lw_2y_h30_decarte,EM_Fijo_Reentrenado,20,0.15,4.0,markowitz_lw,2.0,True,Completed,0.042567,0.2,-0.536884,,24.0,0.212858,0.0793,59.44,,,,,,EM_Fijo_20_0.15_4.0_markowitz_lw_2y,30.0,decarte,,,,,,
EM_Fijo_Reentrenado_20_0.15_4.0_markowitz_lw_2y_h24_decarte,EM_Fijo_Reentrenado,20,0.15,4.0,markowitz_lw,2.0,True,Completed,0.068766,0.3643,-0.416238,,24.0,0.18878,0.1652,61.54,,,,,,EM_Fijo_20_0.15_4.0_markowitz_lw_2y,24.0,decarte,,,,,,
HRPRolling_20_0.15_4.0_equal_decarte,HRPRolling,20,0.15,4.0,equal,4.0,True,Completed,0.13536,0.5954,-0.562565,,,0.227351,0.2406,65.03,,,,,,,,decarte,,,,,,
KalmanEM_SB_20_0.15_4.0_equal_decarte,KalmanEM_SB,20,0.15,4.0,equal,4.0,True,Completed,0.13597,0.5981,-0.562453,,,0.227318,0.2417,65.03,,,,,,,,decarte,,,,,,
KalmanEM_base_20_0.15_4.0_equal_decarte,KalmanEM_base,20,0.15,4.0,equal,4.0,True,Completed,0.13536,0.5954,-0.562565,,,0.227351,0.2406,65.03,,,,,,,,decarte,,,,,,
EM_Fijo_Reentrenado_30_0.10_1.0_markowitz_lw_2y_h30_decarte,EM_Fijo_Reentrenado,30,0.1,1.0,markowitz_lw,2.0,True,Completed,0.038911,0.2866,-0.383779,,24.0,0.13578,0.1014,60.14,,,,,,EM_Fijo_30_0.10_1.0_markowitz_lw_2y,30.0,decarte,,,,,,
KalmanEM_SB_30_0.15_4.0_equal_2y_decarte,KalmanEM_SB,30,0.15,4.0,equal,2.0,True,Completed,0.087626,0.3399,-0.69193,,,0.257823,0.1266,62.24,,,,,,,,decarte,,,,,,
HRPRolling_30_0.15_4.0_equal_2y_decarte,HRPRolling,30,0.15,4.0,equal,2.0,True,Completed,0.087626,0.3399,-0.69193,,,0.257823,0.1266,62.24,,,,,,,,decarte,,,,,,
KalmanEM_base_30_0.15_4.0_equal_2y_decarte,KalmanEM_base,30,0.15,4.0,equal,2.0,True,Completed,0.087626,0.3399,-0.69193,,,0.257823,0.1266,62.24,,,,,,,,decarte,,,,,,
EM_Fijo_Reentrenado_30_0.10_1.0_markowitz_lw_2y_h24_decarte,EM_Fijo_Reentrenado,30,0.1,1.0,markowitz_lw,2.0,True,Completed,0.044721,0.3432,-0.367232,,24.0,0.130322,0.1218,60.84,,,,,,EM_Fijo_30_0.10_1.0_markowitz_lw_2y,24.0,decarte,,,,,,
EM_Fijo_Reentrenado_30_0.10_1.0_markowitz_lw_2y_h12_decarte,EM_Fijo_Reentrenado,30,0.1,1.0,markowitz_lw,2.0,True,Completed,0.053902,0.4145,-0.334961,,24.0,0.130027,0.1609,62.24,,,,,,EM_Fijo_30_0.10_1.0_markowitz_lw_2y,12.0,decarte,,,,,,
EM_Fijo_Reentrenado_20_0.10_1.0_markowitz_lw_2y_h06_decarte,EM_Fijo_Reentrenado,20,0.1,1.0,markowitz_lw,2.0,True,Completed,0.052401,0.4175,-0.331811,,24.0,0.125521,0.1579,59.44,,,,,,EM_Fijo_20_0.10_1.0_markowitz_lw_2y,6.0,decarte,,,,,,
HRPRolling_20_0.10_1.0_hrp_decarte,HRPRolling,20,0.1,1.0,hrp,4.0,True,Pending,,,,,,,,,,,,,,,,decarte,,,,,,
KalmanEM_SB_20_0.10_1.0_hrp_decarte,KalmanEM_SB,20,0.1,1.0,hrp,4.0,True,Pending,,,,,,,,,,,,,,,,decarte,,,,,,
KalmanEM_base_20_0.10_1.0_hrp_decarte,KalmanEM_base,20,0.1,1.0,hrp,4.0,True,Pending,,,,,,,,,,,,,,,,decarte,,,,,,
HRPRolling_20_0.15_4.0_markowitz_lw_decarte,HRPRolling,20,0.15,4.0,markowitz_lw,4.0,True,Pending,,,,,,,,,,,,,,,,decarte,,,,,,
KalmanEM_base_20_0.15_4.0_markowitz_lw_decarte,KalmanEM_base,20,0.15,4.0,markowitz_lw,4.0,True,Pending,,,,,,,,,,,,,,,,decarte,,,,,,
KalmanEM_SB_20_0.15_4.0_markowitz_lw_decarte,KalmanEM_SB,20,0.15,4.0,markowitz_lw,4.0,True,Pending,,,,,,,,,,,,,,,,decarte,,,,,,
KalmanEM_SB_30_0.15_4.0_equal_decarte,KalmanEM_SB,30,0.15,4.0,equal,4.0,True,Pending,,,,,,,,,,,,,,,,decarte,,,,,,
HRPRolling_30_0.15_4.0_equal_decarte,HRPRolling,30,0.15,4.0,equal,4.0,True,Pending,,,,,,,,,,,,,,,,decarte,,,,,,
KalmanEM_base_30_0.15_4.0_equal_decarte,KalmanEM_base,30,0.15,4.0,equal,4.0,True,Pending,,,,,,,,,,,,,,,,decarte,,,,,,
EM_Fijo_Reentrenado_20_0.10_1.0_markowitz_lw_2y_h48_decarte,EM_Fijo_Reentrenado,20,0.1,1.0,markowitz_lw,2.0,True,Completed,0.089441,0.7146,-0.303145,,24.0,0.125158,0.295,62.94,,,,,,EM_Fijo_20_0.10_1.0_markowitz_lw_2y,48.0,decarte,,,,,,
KalmanEM_base_30_0.15_4.0_markowitz_lw_2y_decarte,KalmanEM_base,30,0.15,4.0,markowitz_lw,2.0,True,Pending,,,,,,,,,,,,,,,,decarte,,,,,,
KalmanEM_SB_30_0.15_4.0_markowitz_lw_2y_decarte,KalmanEM_SB,30,0.15,4.0,markowitz_lw,2.0,True,Pending,,,,,,,,,,,,,,,,decarte,,,,,,
HRPRolling_30_0.15_4.0_markowitz_lw_2y_decarte,HRPRolling,30,0.15,4.0,markowitz_lw,2.0,True,Pending,,,,,,,,,,,,,,,,decarte,,,,,,
KalmanEM_base_20_0.15_4.0_equal_2y_decarte,KalmanEM_base,20,0.15,4.0,equal,2.0,True,Pending,,,,,,,,,,,,,,,,decarte,,,,,,
KalmanEM_SB_20_0.15_4.0_equal_2y_decarte,KalmanEM_SB,20,0.15,4.0,equal,2.0,True,Pending,,,,,,,,,,,,,,,,decarte,,,,,,
HRPRolling_20_0.15_4.0_equal_2y_decarte,HRPRolling,20,0.15,4.0,equal,2.0,True,Pending,,,,,,,,,,,,,,,,decarte,,,,,,
EM_Fijo_Reentrenado_30_0.10_1.0_markowitz_lw_2y_h06_decarte,EM_Fijo_Reentrenado,30,0.1,1.0,markowitz_lw,2.0,True,Completed,0.056716,0.4164,-0.396886,,24.0,0.136202,0.1429,61.54,,,,,,EM_Fijo_30_0.10_1.0_markowitz_lw_2y,6.0,decarte,,,,,,
EM_Fijo_Reentrenado_20_0.10_1.0_markowitz_lw_2y_h36_decarte,EM_Fijo_Reentrenado,20,0.1,1.0,markowitz_lw,2.0,True,Completed,0.043522,0.3537,-0.288036,,24.0,0.123039,0.1511,57.34,,,,,,EM_Fijo_20_0.10_1.0_markowitz_lw_2y,36.0,decarte,,,,,,
EM_Fijo_Reentrenado_30_0.15_4.0_markowitz_lw_2y_h24_decarte,EM_Fijo_Reentrenado,30,0.15,4.0,markowitz_lw,2.0,True,Completed,0.057812,0.283,-0.526007,,24.0,0.204284,0.1099,60.84,,,,,,EM_Fijo_30_0.15_4.0_markowitz_lw_2y,24.0,decarte,,,,,,
EM_Fijo_Reentrenado_20_0.15_4.0_markowitz_lw_2y_h06_decarte,EM_Fijo_Reentrenado,20,0.15,4.0,markowitz_lw,2.0,True,Completed,0.069827,0.3534,-0.473775,,24.0,0.19759,0.1474,60.14,,,,,,EM_Fijo_20_0.15_4.0_markowitz_lw_2y,6.0,decarte,,,,,,
HRPRolling_20_0.15_4.0_markowitz_lw_2y_decarte,HRPRolling,20,0.15,4.0,markowitz_lw,2.0,True,Pending,,,,,,,,,,,,,,,,decarte,,,,,,
KalmanEM_base_20_0.15_4.0_markowitz_lw_2y_decarte,KalmanEM_base,20,0.15,4.0,markowitz_lw,2.0,True,Pending,,,,,,,,,,,,,,,,decarte,,,,,,
KalmanEM_SB_20_0.15_4.0_markowitz_lw_2y_decarte,KalmanEM_SB,20,0.15,4.0,markowitz_lw,2.0,True,Pending,,,,,,,,,,,,,,,,decarte,,,,,,
KalmanEM_SB_30_0.10_1.0_hrp_2y_decarte,KalmanEM_SB,30,0.1,1.0,hrp,2.0,True,Pending,,,,,,,,,,,,,,,,decarte,,,,,,
HRPRolling_30_0.10_1.0_hrp_2y_decarte,HRPRolling,30,0.1,1.0,hrp,2.0,True,Pending,,,,,,,,,,,,,,,,decarte,,,,,,
KalmanEM_base_30_0.10_1.0_hrp_2y_decarte,KalmanEM_base,30,0.1,1.0,hrp,2.0,True,Pending,,,,,,,,,,,,,,,,decarte,,,,,,
HRPRolling_30_0.10_1.0_hrp_decarte,HRPRolling,30,0.1,1.0,hrp,4.0,True,Pending,,,,,,,,,,,,,,,,decarte,,,,,,
KalmanEM_base_30_0.10_1.0_hrp_decarte,KalmanEM_base,30,0.1,1.0,hrp,4.0,True,Pending,,,,,,,,,,,,,,,,decarte,,,,,,
KalmanEM_SB_30_0.10_1.0_hrp_decarte,KalmanEM_SB,30,0.1,1.0,hrp,4.0,True,Pending,,,,,,,,,,,,,,,,decarte,,,,,,
KalmanEM_base_30_0.15_4.0_markowitz_lw_decarte,KalmanEM_base,30,0.15,4.0,markowitz_lw,4.0,True,Pending,,,,,,,,,,,,,,,,decarte,,,,,,
HRPRolling_30_0.15_4.0_markowitz_lw_decarte,HRPRolling,30,0.15,4.0,markowitz_lw,4.0,True,Pending,,,,,,,,,,,,,,,,decarte,,,,,,
KalmanEM_SB_30_0.15_4.0_markowitz_lw_decarte,KalmanEM_SB,30,0.15,4.0,markowitz_lw,4.0,True,Pending,,,,,,,,,,,,,,,,decarte,,,,,,
EM_Fijo_Reentrenado_20_0.10_1.0_markowitz_lw_2y_h12_decarte,EM_Fijo_Reentrenado,20,0.1,1.0,markowitz_lw,2.0,True,Completed,0.052214,0.4229,-0.273918,,24.0,0.12346,0.1906,59.44,,,,,,EM_Fijo_20_0.10_1.0_markowitz_lw_2y,12.0,decarte,,,,,,
EM_Fijo_Reentrenado_30_0.15_4.0_markowitz_lw_2y_h42_decarte,EM_Fijo_Reentrenado,30,0.15,4.0,markowitz_lw,2.0,True,Completed,0.091973,0.4609,-0.506176,,24.0,0.19957,0.1817,64.34,,,,,,EM_Fijo_30_0.15_4.0_markowitz_lw_2y,42.0,decarte,,,,,,
EM_Fijo_Reentrenado_30_0.10_1.0_markowitz_lw_2y_h36_decarte,EM_Fijo_Reentrenado,30,0.1,1.0,markowitz_lw,2.0,True,Completed,0.034912,0.2642,-0.367248,,24.0,0.132158,0.0951,60.84,,,,,,EM_Fijo_30_0.10_1.0_markowitz_lw_2y,36.0,decarte,,,,,,
EM_Fijo_Reentrenado_20_0.15_4.0_markowitz_lw_2y_h48_decarte,EM_Fijo_Reentrenado,20,0.15,4.0,markowitz_lw,2.0,True,Completed,0.131767,0.6859,-0.438599,,24.0,0.19211,0.3004,62.94,,,,,,EM_Fijo_20_0.15_4.0_markowitz_lw_2y,48.0,decarte,,,,,,
EM_Fijo_Reentrenado_20_0.15_4.0_markowitz_lw_2y_h36_decarte,EM_Fijo_Reentrenado,20,0.15,4.0,markowitz_lw,2.0,True,Completed,0.053345,0.2796,-0.416249,,24.0,0.190803,0.1282,57.34,,,,,,EM_Fijo_20_0.15_4.0_markowitz_lw_2y,36.0,decarte,,,,,,
EM_Fijo_Reentrenado_30_0.15_4.0_markowitz_lw_2y_h06_decarte,EM_Fijo_Reentrenado,30,0.15,4.0,markowitz_lw,2.0,True,Completed,0.075236,0.3447,-0.56088,,24.0,0.218283,0.1341,61.54,,,,,,EM_Fijo_30_0.15_4.0_markowitz_lw_2y,6.0,decarte,,,,,,
KalmanEM_SB_20_0.10_1.0_hrp_2y_decarte,KalmanEM_SB,20,0.1,1.0,hrp,2.0,True,Pending,,,,,,,,,,,,,,,,decarte,,,,,,
HRPRolling_20_0.10_1.0_hrp_2y_decarte,HRPRolling,20,0.1,1.0,hrp,2.0,True,Pending,,,,,,,,,,,,,,,,decarte,,,,,,
KalmanEM_base_20_0.10_1.0_hrp_2y_decarte,KalmanEM_base,20,0.1,1.0,hrp,2.0,True,Pending,,,,,,,,,,,,,,,,decarte,,,,,,
EM_Fijo_Reentrenado_30_0.10_1.0_markowitz_lw_2y_h48_decarte,EM_Fijo_Reentrenado,30,0.1,1.0,markowitz_lw,2.0,True,Completed,0.087715,0.6807,-0.335486,,24.0,0.128853,0.2615,65.73,,,,,,EM_Fijo_30_0.10_1.0_markowitz_lw_2y,48.0,decarte,,,,,,
EM_Fijo_Reentrenado_30_0.15_4.0_markowitz_lw_2y_h36_decarte,EM_Fijo_Reentrenado,30,0.15,4.0,markowitz_lw,2.0,True,Completed,0.039138,0.1884,-0.525855,,24.0,0.207775,0.0744,60.84,,,,,,EM_Fijo_30_0.15_4.0_markowitz_lw_2y,36.0,decarte,,,,,,
EM_Fijo_Reentrenado_20_0.15_4.0_markowitz_lw_2y_h12_decarte,EM_Fijo_Reentrenado,20,0.15,4.0,markowitz_lw,2.0,True,Completed,0.069086,0.3648,-0.402567,,24.0,0.189386,0.1716,59.44,,,,,,EM_Fijo_20_0.15_4.0_markowitz_lw_2y,12.0,decarte,,,,,,
EM_Fijo_Reentrenado_30_0.15_4.0_markowitz_lw_2y_h30_decarte,EM_Fijo_Reentrenado,30,0.15,4.0,markowitz_lw,2.0,True,Completed,0.051042,0.239,-0.549268,,24.0,0.213588,0.0929,60.14,,,,,,EM_Fijo_30_0.15_4.0_markowitz_lw_2y,30.0,decarte,,,,,,
HRPRolling_20_0.15_4.0_hrp_decarte,HRPRolling,20,0.15,4.0,hrp,4.0,True,Pending,,,,,,,,,,,,,,,,decarte,,,,,,
KalmanEM_base_20_0.15_4.0_hrp_decarte,KalmanEM_base,20,0.15,4.0,hrp,4.0,True,Pending,,,,,,,,,,,,,,,,decarte,,,,,,
KalmanEM_SB_20_0.15_4.0_hrp_decarte,KalmanEM_SB,20,0.15,4.0,hrp,4.0,True,Pending,,,,,,,,,,,,,,,,decarte,,,,,,
EM_Fijo_Reentrenado_30_0.15_4.0_markowitz_lw_2y_h12_decarte,EM_Fijo_Reentrenado,30,0.15,4.0,markowitz_lw,2.0,True,Completed,0.069454,0.3434,-0.481531,,24.0,0.202271,0.1442,62.24,,,,,,EM_Fijo_30_0.15_4.0_markowitz_lw_2y,12.0,decarte,,,,,,
EM_Fijo_Reentrenado_20_0.10_1.0_markowitz_lw_2y_h18_decarte,EM_Fijo_Reentrenado,20,0.1,1.0,markowitz_lw,2.0,True,Completed,0.074029,0.5928,-0.287759,,24.0,0.124884,0.2573,60.14,,,,,,EM_Fijo_20_0.10_1.0_markowitz_lw_2y,18.0,decarte,,,,,,
EM_Fijo_Reentrenado_30_0.15_4.0_markowitz_lw_2y_h48_decarte,EM_Fijo_Reentrenado,30,0.15,4.0,markowitz_lw,2.0,True,Completed,0.126359,0.6331,-0.48297,,24.0,0.199603,0.2616,65.73,,,,,,EM_Fijo_30_0.15_4.0_markowitz_lw_2y,48.0,decarte,,,,,,
HRPRolling_30_0.15_4.0_hrp_2y_decarte,HRPRolling,30,0.15,4.0,hrp,2.0,True,Pending,,,,,,,,,,,,,,,,decarte,,,,,,
KalmanEM_base_30_0.15_4.0_hrp_2y_decarte,KalmanEM_base,30,0.15,4.0,hrp,2.0,True,Pending,,,,,,,,,,,,,,,,decarte,,,,,,
KalmanEM_SB_30_0.15_4.0_hrp_2y_decarte,KalmanEM_SB,30,0.15,4.0,hrp,2.0,True,Pending,,,,,,,,,,,,,,,,decarte,,,,,,
EM_Fijo_Reentrenado_30_0.10_1.0_markowitz_lw_2y_h18_decarte,EM_Fijo_Reentrenado,30,0.1,1.0,markowitz_lw,2.0,True,Completed,0.076079,0.5711,-0.367128,,24.0,0.133225,0.2072,64.34,,,,,,EM_Fijo_30_0.10_1.0_markowitz_lw_2y,18.0,decarte,,,,,,
KalmanEM_SB_20_0.15_4.0_hrp_2y_decarte,KalmanEM_SB,20,0.15,4.0,hrp,2.0,True,Pending,,,,,,,,,,,,,,,,decarte,,,,,,
HRPRolling_20_0.15_4.0_hrp_2y_decarte,HRPRolling,20,0.15,4.0,hrp,2.0,True,Pending,,,,,,,,,,,,,,,,decarte,,,,,,
KalmanEM_base_20_0.15_4.0_hrp_2y_decarte,KalmanEM_base,20,0.15,4.0,hrp,2.0,True,Pending,,,,,,,,,,,,,,,,decarte,,,,,,
KalmanEM_base_30_0.15_4.0_hrp_decarte,KalmanEM_base,30,0.15,4.0,hrp,4.0,True,Pending,,,,,,,,,,,,,,,,decarte,,,,,,
HRPRolling_30_0.15_4.0_hrp_decarte,HRPRolling,30,0.15,4.0,hrp,4.0,True,Pending,,,,,,,,,,,,,,,,decarte,,,,,,
KalmanEM_SB_30_0.15_4.0_hrp_decarte,KalmanEM_SB,30,0.15,4.0,hrp,4.0,True,Pending,,,,,,,,,,,,,,,,decarte,,,,,,
EM_Fijo_Reentrenado_20_0.15_4.0_markowitz_lw_2y_h18_decarte,EM_Fijo_Reentrenado,20,0.15,4.0,markowitz_lw,2.0,True,Completed,0.097206,0.5008,-0.416204,,24.0,0.194098,0.2336,60.14,,,,,,EM_Fijo_20_0.15_4.0_markowitz_lw_2y,18.0,decarte,,,,,,
EM_Fijo_Reentrenado_30_0.15_4.0_markowitz_lw_2y_h18_decarte,EM_Fijo_Reentrenado,30,0.15,4.0,markowitz_lw,2.0,True,Completed,0.093873,0.4479,-0.52592,,24.0,0.209602,0.1785,64.34,,,,,,EM_Fijo_30_0.15_4.0_markowitz_lw_2y,18.0,decarte,,,,,,
EM_Fijo_Reentrenado_20_0.10_1.0_markowitz_lw_2y_h06,EM_Fijo_Reentrenado,20,0.1,1.0,markowitz_lw,2.0,True,Completed,0.073139,0.5724,-0.348387,,24.0,0.12777,0.2099,58.04,,,,,,EM_Fijo_20_0.10_1.0_markowitz_lw_2y,6.0,optimizacion,,,,,,
EM_Fijo_Reentrenado_20_0.10_1.0_markowitz_lw_2y_h12,EM_Fijo_Reentrenado,20,0.1,1.0,markowitz_lw,2.0,True,Completed,0.066017,0.4979,-0.37454,,24.0,0.132589,0.1763,57.34,,,,,,EM_Fijo_20_0.10_1.0_markowitz_lw_2y,12.0,optimizacion,,,,,,
EM_Fijo_Reentrenado_20_0.10_1.0_markowitz_lw_2y_h18,EM_Fijo_Reentrenado,20,0.1,1.0,markowitz_lw,2.0,True,Completed,0.099207,0.74,-0.372996,,24.0,0.134062,0.266,61.54,,,,,,EM_Fijo_20_0.10_1.0_markowitz_lw_2y,18.0,optimizacion,,,,,,
EM_Fijo_Reentrenado_20_0.10_1.0_markowitz_lw_2y_h24,EM_Fijo_Reentrenado,20,0.1,1.0,markowitz_lw,2.0,True,Completed,0.061433,0.4626,-0.372969,,24.0,0.132798,0.1647,61.54,,,,,,EM_Fijo_20_0.10_1.0_markowitz_lw_2y,24.0,optimizacion,,,,,,
EM_Fijo_Reentrenado_20_0.10_1.0_markowitz_lw_2y_h30,EM_Fijo_Reentrenado,20,0.1,1.0,markowitz_lw,2.0,True,Completed,0.059388,0.441,-0.38321,,24.0,0.134681,0.155,60.14,,,,,,EM_Fijo_20_0.10_1.0_markowitz_lw_2y,30.0,optimizacion,,,,,,
EM_Fijo_Reentrenado_20_0.10_1.0_markowitz_lw_2y_h36,EM_Fijo_Reentrenado,20,0.1,1.0,markowitz_lw,2.0,True,Completed,0.073349,0.5607,-0.372904,,24.0,0.130807,0.1967,58.74,,,,,,EM_Fijo_20_0.10_1.0_markowitz_lw_2y,36.0,optimizacion,,,,,,
EM_Fijo_Reentrenado_20_0.10_1.0_markowitz_lw_2y_h42,EM_Fijo_Reentrenado,20,0.1,1.0,markowitz_lw,2.0,True,Completed,0.077573,0.6342,-0.330265,,24.0,0.122308,0.2349,59.44,,,,,,EM_Fijo_20_0.10_1.0_markowitz_lw_2y,42.0,optimizacion,,,,,,
EM_Fijo_Reentrenado_20_0.10_1.0_markowitz_lw_2y_h48,EM_Fijo_Reentrenado,20,0.1,1.0,markowitz_lw,2.0,True,Completed,0.091782,0.7532,-0.326874,,24.0,0.121857,0.2808,64.34,,,,,,EM_Fijo_20_0.10_1.0_markowitz_lw_2y,48.0,optimizacion,,,,,,
EM_Fijo_Reentrenado_20_0.15_4.0_markowitz_lw_2y_h06,EM_Fijo_Reentrenado,20,0.15,4.0,markowitz_lw,2.0,True,Completed,0.101624,0.5088,-0.497174,,24.0,0.19973,0.2044,58.04,,,,,,EM_Fijo_20_0.15_4.0_markowitz_lw_2y,6.0,optimizacion,,,,,,
EM_Fijo_Reentrenado_20_0.15_4.0_markowitz_lw_2y_h12,EM_Fijo_Reentrenado,20,0.15,4.0,markowitz_lw,2.0,True,Completed,0.085938,0.4174,-0.536234,,24.0,0.205909,0.1603,57.34,,,,,,EM_Fijo_20_0.15_4.0_markowitz_lw_2y,12.0,optimizacion,,,,,,
EM_Fijo_Reentrenado_20_0.15_4.0_markowitz_lw_2y_h18,EM_Fijo_Reentrenado,20,0.15,4.0,markowitz_lw,2.0,True,Completed,0.138383,0.6628,-0.535068,,24.0,0.208778,0.2586,61.54,,,,,,EM_Fijo_20_0.15_4.0_markowitz_lw_2y,18.0,optimizacion,,,,,,
EM_Fijo_Reentrenado_20_0.15_4.0_markowitz_lw_2y_h24,EM_Fijo_Reentrenado,20,0.15,4.0,markowitz_lw,2.0,True,Completed,0.080232,0.3888,-0.535035,,24.0,0.206358,0.15,61.54,,,,,,EM_Fijo_20_0.15_4.0_markowitz_lw_2y,24.0,optimizacion,,,,,,
EM_Fijo_Reentrenado_20_0.15_4.0_markowitz_lw_2y_h30,EM_Fijo_Reentrenado,20,0.15,4.0,markowitz_lw,2.0,True,Completed,0.082084,0.3927,-0.553594,,24.0,0.209037,0.1483,60.14,,,,,,EM_Fijo_20_0.15_4.0_markowitz_lw_2y,30.0,optimizacion,,,,,,
EM_Fijo_Reentrenado_20_0.15_4.0_markowitz_lw_2y_h36,EM_Fijo_Reentrenado,20,0.15,4.0,markowitz_lw,2.0,True,Completed,0.09886,0.4871,-0.535089,,24.0,0.202953,0.1848,58.04,,,,,,EM_Fijo_20_0.15_4.0_markowitz_lw_2y,36.0,optimizacion,,,,,,
EM_Fijo_Reentrenado_20_0.15_4.0_markowitz_lw_2y_h42,EM_Fijo_Reentrenado,20,0.15,4.0,markowitz_lw,2.0,True,Completed,0.11452,0.6138,-0.471529,,24.0,0.186588,0.2429,59.44,,,,,,EM_Fijo_20_0.15_4.0_markowitz_lw_2y,42.0,optimizacion,,,,,,
EM_Fijo_Reentrenado_20_0.15_4.0_markowitz_lw_2y_h48,EM_Fijo_Reentrenado,20,0.15,4.0,markowitz_lw,2.0,True,Completed,0.134622,0.7239,-0.465766,,24.0,0.185963,0.289,64.34,,,,,,EM_Fijo_20_0.15_4.0_markowitz_lw_2y,48.0,optimizacion,,,,,,
EM_Fijo_Reentrenado_30_0.10_1.0_markowitz_lw_2y_h06,EM_Fijo_Reentrenado,30,0.1,1.0,markowitz_lw,2.0,True,Completed,0.074314,0.5502,-0.405846,,24.0,0.135061,0.1831,61.54,,,,,,EM_Fijo_30_0.10_1.0_markowitz_lw_2y,6.0,optimizacion,,,,,,
EM_Fijo_Reentrenado_30_0.10_1.0_markowitz_lw_2y_h12,EM_Fijo_Reentrenado,30,0.1,1.0,markowitz_lw,2.0,True,Completed,0.077263,0.559,-0.417195,,24.0,0.138225,0.1852,62.24,,,,,,EM_Fijo_30_0.10_1.0_markowitz_lw_2y,12.0,optimizacion,,,,,,
EM_Fijo_Reentrenado_30_0.10_1.0_markowitz_lw_2y_h18,EM_Fijo_Reentrenado,30,0.1,1.0,markowitz_lw,2.0,True,Completed,0.098836,0.7029,-0.40538,,24.0,0.140616,0.2438,60.84,,,,,,EM_Fijo_30_0.10_1.0_markowitz_lw_2y,18.0,optimizacion,,,,,,
EM_Fijo_Reentrenado_30_0.10_1.0_markowitz_lw_2y_h24,EM_Fijo_Reentrenado,30,0.1,1.0,markowitz_lw,2.0,True,Completed,0.064342,0.4693,-0.405406,,24.0,0.137104,0.1587,61.54,,,,,,EM_Fijo_30_0.10_1.0_markowitz_lw_2y,24.0,optimizacion,,,,,,
EM_Fijo_Reentrenado_30_0.10_1.0_markowitz_lw_2y_h30,EM_Fijo_Reentrenado,30,0.1,1.0,markowitz_lw,2.0,True,Completed,0.059335,0.413,-0.449203,,24.0,0.143653,0.1321,59.44,,,,,,EM_Fijo_30_0.10_1.0_markowitz_lw_2y,30.0,optimizacion,,,,,,
EM_Fijo_Reentrenado_30_0.10_1.0_markowitz_lw_2y_h36,EM_Fijo_Reentrenado,30,0.1,1.0,markowitz_lw,2.0,True,Completed,0.074058,0.5417,-0.405409,,24.0,0.13671,0.1827,59.44,,,,,,EM_Fijo_30_0.10_1.0_markowitz_lw_2y,36.0,optimizacion,,,,,,
EM_Fijo_Reentrenado_30_0.10_1.0_markowitz_lw_2y_h42,EM_Fijo_Reentrenado,30,0.1,1.0,markowitz_lw,2.0,True,Completed,0.074556,0.5768,-0.374639,,24.0,0.129263,0.199,64.34,,,,,,EM_Fijo_30_0.10_1.0_markowitz_lw_2y,42.0,optimizacion,,,,,,
EM_Fijo_Reentrenado_30_0.10_1.0_markowitz_lw_2y_h48,EM_Fijo_Reentrenado,30,0.1,1.0,markowitz_lw,2.0,True,Completed,0.091544,0.7039,-0.354108,,24.0,0.13005,0.2585,65.73,,,,,,EM_Fijo_30_0.10_1.0_markowitz_lw_2y,48.0,optimizacion,,,,,,
EM_Fijo_Reentrenado_30_0.15_4.0_markowitz_lw_2y_h06,EM_Fijo_Reentrenado,30,0.15,4.0,markowitz_lw,2.0,True,Completed,0.098906,0.4596,-0.577176,,24.0,0.215221,0.1714,60.84,,,,,,EM_Fijo_30_0.15_4.0_markowitz_lw_2y,6.0,optimizacion,,,,,,
EM_Fijo_Reentrenado_30_0.15_4.0_markowitz_lw_2y_h12,EM_Fijo_Reentrenado,30,0.15,4.0,markowitz_lw,2.0,True,Completed,0.0874,0.3684,-0.656248,,24.0,0.237228,0.1332,61.54,,,,,,EM_Fijo_30_0.15_4.0_markowitz_lw_2y,12.0,optimizacion,,,,,,
EM_Fijo_Reentrenado_30_0.15_4.0_markowitz_lw_2y_h18,EM_Fijo_Reentrenado,30,0.15,4.0,markowitz_lw,2.0,True,Completed,0.117724,0.473,-0.681881,,24.0,0.24887,0.1726,60.14,,,,,,EM_Fijo_30_0.15_4.0_markowitz_lw_2y,18.0,optimizacion,,,,,,
EM_Fijo_Reentrenado_30_0.15_4.0_markowitz_lw_2y_h24,EM_Fijo_Reentrenado,30,0.15,4.0,markowitz_lw,2.0,True,Completed,0.067667,0.2783,-0.681985,,24.0,0.243153,0.0992,60.84,,,,,,EM_Fijo_30_0.15_4.0_markowitz_lw_2y,24.0,optimizacion,,,,,,
EM_Fijo_Reentrenado_30_0.15_4.0_markowitz_lw_2y_h30,EM_Fijo_Reentrenado,30,0.15,4.0,markowitz_lw,2.0,True,Completed,0.075088,0.3237,-0.650698,,24.0,0.231981,0.1154,59.44,,,,,,EM_Fijo_30_0.15_4.0_markowitz_lw_2y,30.0,optimizacion,,,,,,
EM_Fijo_Reentrenado_30_0.15_4.0_markowitz_lw_2y_h36,EM_Fijo_Reentrenado,30,0.15,4.0,markowitz_lw,2.0,True,Completed,0.079438,0.327,-0.681939,,24.0,0.242915,0.1165,58.74,,,,,,EM_Fijo_30_0.15_4.0_markowitz_lw_2y,36.0,optimizacion,,,,,,
EM_Fijo_Reentrenado_30_0.15_4.0_markowitz_lw_2y_h42,EM_Fijo_Reentrenado,30,0.15,4.0,markowitz_lw,2.0,True,Completed,0.104349,0.5213,-0.533663,,24.0,0.200172,0.1955,64.34,,,,,,EM_Fijo_30_0.15_4.0_markowitz_lw_2y,42.0,optimizacion,,,,,,
EM_Fijo_Reentrenado_30_0.15_4.0_markowitz_lw_2y_h48,EM_Fijo_Reentrenado,30,0.15,4.0,markowitz_lw,2.0,True,Completed,0.135018,0.6744,-0.505464,,24.0,0.200212,0.2671,65.03,,,,,,EM_Fijo_30_0.15_4.0_markowitz_lw_2y,48.0,optimizacion,,,,,,
OnlineEM_a055_w24_prox_tt08_mt15_cap35_n20_tv10_lev1p0_equal,OnlineEM,20,0.1,1.0,equal,2.0,True,Completed,0.084494,0.6177,-0.344432,0.55,24.0,0.136798,0.2453,63.64,1.0,0.35,,,,,,optimizacion,proximal_smooth,1.0,0.08,0.15,0.0,500.0
OnlineEM_a055_w24_prox_tt08_mt15_cap35_n20_tv10_lev1p0_equal_decarte,OnlineEM,20,0.1,1.0,equal,2.0,True,Completed,0.083032,0.6356,-0.317963,0.55,24.0,0.130634,0.2611,64.34,1.0,0.35,,,,OnlineEM_a055_w24_prox_tt08_mt15_cap35_n20_tv10_lev1p0_equal,,decarte,proximal_smooth,1.0,0.08,0.15,0.0,500.0
OnlineEM_a060_w48_prox_tt08_mt15_cap35_n20_tv15_lev2p0_hrp,OnlineEM,20,0.15,2.0,hrp,4.0,True,Completed,0.095347,0.4258,-0.598889,0.6,48.0,0.2239,0.1592,65.73,1.0,0.35,,,,,,optimizacion,proximal_smooth,1.0,0.08,0.15,0.0,500.0
OnlineEM_a060_w48_prox_tt08_mt15_cap35_n20_tv15_lev2p0_hrp_decarte,OnlineEM,20,0.15,2.0,hrp,4.0,True,Pending,,,,0.6,48.0,,,,1.0,0.35,,,,OnlineEM_a060_w48_prox_tt08_mt15_cap35_n20_tv15_lev2p0_hrp,,decarte,proximal_smooth,1.0,0.08,0.15,0.0,500.0
OnlineEM_a055_w48_prox_tt08_mt15_cap35_n20_tv10_lev2p0_markowitz_lw,OnlineEM,20,0.1,2.0,markowitz_lw,4.0,True,Completed,0.079011,0.569,-0.422126,0.55,48.0,0.138853,0.1872,60.84,1.0,0.35,,,,,,optimizacion,proximal_smooth,1.0,0.08,0.15,0.0,500.0
OnlineEM_a055_w48_prox_tt08_mt15_cap35_n20_tv10_lev2p0_markowitz_lw_decarte,OnlineEM,20,0.1,2.0,markowitz_lw,4.0,True,Completed,0.080222,0.5992,-0.399717,0.55,48.0,0.133881,0.2007,63.64,1.0,0.35,,,,OnlineEM_a055_w48_prox_tt08_mt15_cap35_n20_tv10_lev2p0_markowitz_lw,,decarte,proximal_smooth,1.0,0.08,0.15,0.0,500.0
OnlineEM_a060_w24_prox_tt08_mt15_cap35_n20_tv15_lev1p0_equal,OnlineEM,20,0.15,1.0,equal,2.0,True,Completed,0.125346,0.7398,-0.376441,0.6,24.0,0.169424,0.333,62.94,1.0,0.35,,,,,,optimizacion,proximal_smooth,1.0,0.08,0.15,0.0,500.0
OnlineEM_a060_w24_prox_tt08_mt15_cap35_n20_tv15_lev1p0_equal_decarte,OnlineEM,20,0.15,1.0,equal,2.0,True,Completed,0.144045,0.8503,-0.356443,0.6,24.0,0.169409,0.4041,65.03,1.0,0.35,,,,OnlineEM_a060_w24_prox_tt08_mt15_cap35_n20_tv15_lev1p0_equal,,decarte,proximal_smooth,1.0,0.08,0.15,0.0,500.0
OnlineEM_a055_w24_prox_tt08_mt15_cap35_n20_tv15_lev2p0_hrp,OnlineEM,20,0.15,2.0,hrp,2.0,True,Completed,0.11844,0.4926,-0.571771,0.55,24.0,0.24042,0.2071,65.73,1.0,0.35,,,,,,optimizacion,proximal_smooth,1.0,0.08,0.15,0.0,500.0
OnlineEM_a055_w24_prox_tt08_mt15_cap35_n20_tv15_lev2p0_hrp_decarte,OnlineEM,20,0.15,2.0,hrp,2.0,True,Completed,0.118014,0.4875,-0.598803,0.55,24.0,0.242069,0.1971,67.13,1.0,0.35,,,,OnlineEM_a055_w24_prox_tt08_mt15_cap35_n20_tv15_lev2p0_hrp,,decarte,proximal_smooth,1.0,0.08,0.15,0.0,500.0
OnlineEM_a060_w48_prox_tt08_mt15_cap35_n20_tv10_lev1p0_markowitz_lw,OnlineEM,20,0.1,1.0,markowitz_lw,4.0,True,Completed,0.083766,0.6774,-0.307543,0.6,48.0,0.12366,0.2724,62.24,1.0,0.35,,,,,,optimizacion,proximal_smooth,1.0,0.08,0.15,0.0,500.0
OnlineEM_a060_w48_prox_tt08_mt15_cap35_n20_tv10_lev1p0_markowitz_lw_decarte,OnlineEM,20,0.1,1.0,markowitz_lw,4.0,True,Completed,0.073746,0.5159,-0.456545,0.6,48.0,0.142952,0.1615,62.94,1.0,0.35,,,,OnlineEM_a060_w48_prox_tt08_mt15_cap35_n20_tv10_lev1p0_markowitz_lw,,decarte,proximal_smooth,1.0,0.08,0.15,0.0,500.0
OnlineEM_a055_w24_prox_tt08_mt15_cap35_n20_tv10_lev1p0_hrp,OnlineEM,20,0.1,1.0,hrp,2.0,True,Completed,0.099625,0.7259,-0.345393,0.55,24.0,0.137247,0.2884,66.43,1.0,0.35,,,,,,optimizacion,proximal_smooth,1.0,0.08,0.15,0.0,500.0
OnlineEM_a055_w24_prox_tt08_mt15_cap35_n20_tv10_lev1p0_hrp_decarte,OnlineEM,20,0.1,1.0,hrp,2.0,True,Completed,0.09319,0.6886,-0.34861,0.55,24.0,0.135341,0.2673,67.83,1.0,0.35,,,,OnlineEM_a055_w24_prox_tt08_mt15_cap35_n20_tv10_lev1p0_hrp,,decarte,proximal_smooth,1.0,0.08,0.15,0.0,500.0
OnlineEM_a055_w24_prox_tt08_mt15_cap35_n20_tv10_lev1p0_markowitz_lw,OnlineEM,20,0.1,1.0,markowitz_lw,2.0,True,Completed,0.097459,0.7242,-0.344502,0.55,24.0,0.134575,0.2829,66.43,1.0,0.35,,,,,,optimizacion,proximal_smooth,1.0,0.08,0.15,0.0,500.0
OnlineEM_a055_w24_prox_tt08_mt15_cap35_n20_tv10_lev1p0_markowitz_lw_decarte,OnlineEM,20,0.1,1.0,markowitz_lw,2.0,True,Completed,0.087913,0.6414,-0.341431,0.55,24.0,0.137058,0.2575,64.34,1.0,0.35,,,,OnlineEM_a055_w24_prox_tt08_mt15_cap35_n20_tv10_lev1p0_markowitz_lw,,decarte,proximal_smooth,1.0,0.08,0.15,0.0,500.0
OnlineEM_a055_w24_prox_tt08_mt15_cap35_n20_tv15_lev1p0_equal,OnlineEM,20,0.15,1.0,equal,2.0,True,Completed,0.133326,0.7956,-0.348442,0.55,24.0,0.167577,0.3826,65.73,1.0,0.35,,,,,,optimizacion,proximal_smooth,1.0,0.08,0.15,0.0,500.0
OnlineEM_a055_w24_prox_tt08_mt15_cap35_n20_tv15_lev1p0_equal_decarte,OnlineEM,20,0.15,1.0,equal,2.0,True,Completed,0.13234,0.7994,-0.319228,0.55,24.0,0.165543,0.4146,65.73,1.0,0.35,,,,OnlineEM_a055_w24_prox_tt08_mt15_cap35_n20_tv15_lev1p0_equal,,decarte,proximal_smooth,1.0,0.08,0.15,0.0,500.0
OnlineEM_a055_w24_prox_tt08_mt15_cap35_n20_tv15_lev1p0_hrp,OnlineEM,20,0.15,1.0,hrp,2.0,True,Completed,0.124317,0.8105,-0.350425,0.55,24.0,0.153384,0.3548,66.43,1.0,0.35,,,,,,optimizacion,proximal_smooth,1.0,0.08,0.15,0.0,500.0
OnlineEM_a055_w24_prox_tt08_mt15_cap35_n20_tv15_lev1p0_hrp_decarte,OnlineEM,20,0.15,1.0,hrp,2.0,True,Completed,0.116165,0.771,-0.339116,0.55,24.0,0.150676,0.3426,67.13,1.0,0.35,,,,OnlineEM_a055_w24_prox_tt08_mt15_cap35_n20_tv15_lev1p0_hrp,,decarte,proximal_smooth,1.0,0.08,0.15,0.0,500.0
OnlineEM_a055_w24_prox_tt08_mt15_cap35_n20_tv15_lev1p0_markowitz_lw,OnlineEM,20,0.15,1.0,markowitz_lw,2.0,True,Completed,0.150688,0.8965,-0.369913,0.55,24.0,0.168081,0.4074,69.23,1.0,0.35,,,,,,optimizacion,proximal_smooth,1.0,0.08,0.15,0.0,500.0
OnlineEM_a055_w24_prox_tt08_mt15_cap35_n20_tv15_lev1p0_markowitz_lw_decarte,OnlineEM,20,0.15,1.0,markowitz_lw,2.0,True,Completed,0.125426,0.7326,-0.352523,0.55,24.0,0.171195,0.3558,63.64,1.0,0.35,,,,OnlineEM_a055_w24_prox_tt08_mt15_cap35_n20_tv15_lev1p0_markowitz_lw,,decarte,proximal_smooth,1.0,0.08,0.15,0.0,500.0
OnlineEM_a055_w48_prox_tt08_mt15_cap35_n20_tv10_lev1p0_equal,OnlineEM,20,0.1,1.0,equal,4.0,True,Completed,0.063378,0.46,-0.421077,0.55,48.0,0.137791,0.1505,64.34,1.0,0.35,,,,,,optimizacion,proximal_smooth,1.0,0.08,0.15,0.0,500.0
OnlineEM_a055_w48_prox_tt08_mt15_cap35_n20_tv10_lev1p0_equal_decarte,OnlineEM,20,0.1,1.0,equal,4.0,True,Completed,0.062083,0.4548,-0.403821,0.55,48.0,0.136499,0.1537,61.54,1.0,0.35,,,,OnlineEM_a055_w48_prox_tt08_mt15_cap35_n20_tv10_lev1p0_equal,,decarte,proximal_smooth,1.0,0.08,0.15,0.0,500.0
OnlineEM_a055_w48_prox_tt08_mt15_cap35_n20_tv10_lev1p0_hrp,OnlineEM,20,0.1,1.0,hrp,4.0,True,Completed,0.064957,0.4955,-0.419765,0.55,48.0,0.13109,0.1547,64.34,1.0,0.35,,,,,,optimizacion,proximal_smooth,1.0,0.08,0.15,0.0,500.0
OnlineEM_a055_w48_prox_tt08_mt15_cap35_n20_tv10_lev1p0_hrp_decarte,OnlineEM,20,0.1,1.0,hrp,4.0,True,Completed,0.071014,0.5492,-0.35144,0.55,48.0,0.129307,0.2021,65.03,1.0,0.35,,,,OnlineEM_a055_w48_prox_tt08_mt15_cap35_n20_tv10_lev1p0_hrp,,decarte,proximal_smooth,1.0,0.08,0.15,0.0,500.0
OnlineEM_a055_w48_prox_tt08_mt15_cap35_n20_tv10_lev1p0_markowitz_lw,OnlineEM,20,0.1,1.0,markowitz_lw,4.0,True,Completed,0.085837,0.6626,-0.353241,0.55,48.0,0.129546,0.243,62.24,1.0,0.35,,,,,,optimizacion,proximal_smooth,1.0,0.08,0.15,0.0,500.0
OnlineEM_a055_w48_prox_tt08_mt15_cap35_n20_tv10_lev1p0_markowitz_lw_decarte,OnlineEM,20,0.1,1.0,markowitz_lw,4.0,True,Completed,0.081287,0.6084,-0.399728,0.55,48.0,0.133598,0.2034,64.34,1.0,0.35,,,,OnlineEM_a055_w48_prox_tt08_mt15_cap35_n20_tv10_lev1p0_markowitz_lw,,decarte,proximal_smooth,1.0,0.08,0.15,0.0,500.0
OnlineEM_a055_w48_prox_tt08_mt15_cap35_n20_tv15_lev1p0_equal,OnlineEM,20,0.15,1.0,equal,4.0,True,Completed,0.111573,0.6443,-0.431999,0.55,48.0,0.173162,0.2583,64.34,1.0,0.35,,,,,,optimizacion,proximal_smooth,1.0,0.08,0.15,0.0,500.0
OnlineEM_a055_w48_prox_tt08_mt15_cap35_n20_tv15_lev1p0_equal_decarte,OnlineEM,20,0.15,1.0,equal,4.0,True,Completed,0.091676,0.5351,-0.4064,0.55,48.0,0.171327,0.2256,60.84,1.0,0.35,,,,OnlineEM_a055_w48_prox_tt08_mt15_cap35_n20_tv15_lev1p0_equal,,decarte,proximal_smooth,1.0,0.08,0.15,0.0,500.0
OnlineEM_a055_w48_prox_tt08_mt15_cap35_n20_tv15_lev1p0_hrp,OnlineEM,20,0.15,1.0,hrp,4.0,True,Completed,0.087215,0.5825,-0.419746,0.55,48.0,0.149723,0.2078,64.34,1.0,0.35,,,,,,optimizacion,proximal_smooth,1.0,0.08,0.15,0.0,500.0
OnlineEM_a055_w48_prox_tt08_mt15_cap35_n20_tv15_lev1p0_hrp_decarte,OnlineEM,20,0.15,1.0,hrp,4.0,True,Completed,0.109566,0.7317,-0.35151,0.55,48.0,0.149731,0.3117,65.03,1.0,0.35,,,,OnlineEM_a055_w48_prox_tt08_mt15_cap35_n20_tv15_lev1p0_hrp,,decarte,proximal_smooth,1.0,0.08,0.15,0.0,500.0
OnlineEM_a055_w48_prox_tt08_mt15_cap35_n20_tv15_lev1p0_markowitz_lw,OnlineEM,20,0.15,1.0,markowitz_lw,4.0,True,Completed,0.109849,0.6403,-0.425547,0.55,48.0,0.171569,0.2581,59.44,1.0,0.35,,,,,,optimizacion,proximal_smooth,1.0,0.08,0.15,0.0,500.0
OnlineEM_a055_w48_prox_tt08_mt15_cap35_n20_tv15_lev1p0_markowitz_lw_decarte,OnlineEM,20,0.15,1.0,markowitz_lw,4.0,True,Completed,0.109492,0.63,-0.412728,0.55,48.0,0.17379,0.2653,62.24,1.0,0.35,,,,OnlineEM_a055_w48_prox_tt08_mt15_cap35_n20_tv15_lev1p0_markowitz_lw,,decarte,proximal_smooth,1.0,0.08,0.15,0.0,500.0
OnlineEM_a055_w24_prox_tt08_mt15_cap35_n20_tv10_lev2p0_equal,OnlineEM,20,0.1,2.0,equal,2.0,True,Completed,0.081104,0.5743,-0.379665,0.55,24.0,0.141227,0.2136,63.64,1.0,0.35,,,,,,optimizacion,proximal_smooth,1.0,0.08,0.15,0.0,500.0
OnlineEM_a055_w24_prox_tt08_mt15_cap35_n20_tv10_lev2p0_equal_decarte,OnlineEM,20,0.1,2.0,equal,2.0,True,Completed,0.075718,0.5371,-0.397611,0.55,24.0,0.140971,0.1904,64.34,1.0,0.35,,,,OnlineEM_a055_w24_prox_tt08_mt15_cap35_n20_tv10_lev2p0_equal,,decarte,proximal_smooth,1.0,0.08,0.15,0.0,500.0
OnlineEM_a055_w24_prox_tt08_mt15_cap35_n20_tv10_lev2p0_hrp,OnlineEM,20,0.1,2.0,hrp,2.0,True,Completed,0.089276,0.5878,-0.409111,0.55,24.0,0.151875,0.2182,66.43,1.0,0.35,,,,,,optimizacion,proximal_smooth,1.0,0.08,0.15,0.0,500.0
OnlineEM_a055_w24_prox_tt08_mt15_cap35_n20_tv10_lev2p0_hrp_decarte,OnlineEM,20,0.1,2.0,hrp,2.0,True,Completed,0.087966,0.5794,-0.427922,0.55,24.0,0.151818,0.2056,67.83,1.0,0.35,,,,OnlineEM_a055_w24_prox_tt08_mt15_cap35_n20_tv10_lev2p0_hrp,,decarte,proximal_smooth,1.0,0.08,0.15,0.0,500.0
OnlineEM_a055_w24_prox_tt08_mt15_cap35_n20_tv10_lev2p0_markowitz_lw,OnlineEM,20,0.1,2.0,markowitz_lw,2.0,True,Completed,0.097342,0.7062,-0.344516,0.55,24.0,0.137844,0.2825,66.43,1.0,0.35,,,,,,optimizacion,proximal_smooth,1.0,0.08,0.15,0.0,500.0
OnlineEM_a055_w24_prox_tt08_mt15_cap35_n20_tv10_lev2p0_markowitz_lw_decarte,OnlineEM,20,0.1,2.0,markowitz_lw,2.0,True,Completed,0.085119,0.6068,-0.353151,0.55,24.0,0.140283,0.241,64.34,1.0,0.35,,,,OnlineEM_a055_w24_prox_tt08_mt15_cap35_n20_tv10_lev2p0_markowitz_lw,,decarte,proximal_smooth,1.0,0.08,0.15,0.0,500.0
OnlineEM_a055_w24_prox_tt08_mt15_cap35_n20_tv15_lev2p0_equal,OnlineEM,20,0.15,2.0,equal,2.0,True,Completed,0.114111,0.5133,-0.539829,0.55,24.0,0.222328,0.2114,63.64,1.0,0.35,,,,,,optimizacion,proximal_smooth,1.0,0.08,0.15,0.0,500.0
OnlineEM_a055_w24_prox_tt08_mt15_cap35_n20_tv15_lev2p0_equal_decarte,OnlineEM,20,0.15,2.0,equal,2.0,True,Completed,0.106627,0.4787,-0.565096,0.55,24.0,0.222732,0.1887,64.34,1.0,0.35,,,,OnlineEM_a055_w24_prox_tt08_mt15_cap35_n20_tv15_lev2p0_equal,,decarte,proximal_smooth,1.0,0.08,0.15,0.0,500.0
OnlineEM_a055_w24_prox_tt08_mt15_cap35_n20_tv15_lev2p0_markowitz_lw,OnlineEM,20,0.15,2.0,markowitz_lw,2.0,True,Completed,0.136152,0.6398,-0.492067,0.55,24.0,0.212802,0.2767,66.43,1.0,0.35,,,,,,optimizacion,proximal_smooth,1.0,0.08,0.15,0.0,500.0
OnlineEM_a055_w24_prox_tt08_mt15_cap35_n20_tv15_lev2p0_markowitz_lw_decarte,OnlineEM,20,0.15,2.0,markowitz_lw,2.0,True,Completed,0.119832,0.5509,-0.503446,0.55,24.0,0.217515,0.238,63.64,1.0,0.35,,,,OnlineEM_a055_w24_prox_tt08_mt15_cap35_n20_tv15_lev2p0_markowitz_lw,,decarte,proximal_smooth,1.0,0.08,0.15,0.0,500.0
OnlineEM_a055_w48_prox_tt08_mt15_cap35_n20_tv10_lev2p0_equal,OnlineEM,20,0.1,2.0,equal,4.0,True,Completed,0.062072,0.4477,-0.425612,0.55,48.0,0.138641,0.1458,64.34,1.0,0.35,,,,,,optimizacion,proximal_smooth,1.0,0.08,0.15,0.0,500.0
OnlineEM_a055_w48_prox_tt08_mt15_cap35_n20_tv10_lev2p0_equal_decarte,OnlineEM,20,0.1,2.0,equal,4.0,True,Completed,0.061517,0.4499,-0.403833,0.55,48.0,0.136733,0.1523,61.54,1.0,0.35,,,,OnlineEM_a055_w48_prox_tt08_mt15_cap35_n20_tv10_lev2p0_equal,,decarte,proximal_smooth,1.0,0.08,0.15,0.0,500.0
OnlineEM_a055_w48_prox_tt08_mt15_cap35_n20_tv10_lev2p0_hrp,OnlineEM,20,0.1,2.0,hrp,4.0,True,Completed,0.054341,0.3505,-0.516224,0.55,48.0,0.155026,0.1053,66.43,1.0,0.35,,,,,,optimizacion,proximal_smooth,1.0,0.08,0.15,0.0,500.0
OnlineEM_a055_w48_prox_tt08_mt15_cap35_n20_tv10_lev2p0_hrp_decarte,OnlineEM,20,0.1,2.0,hrp,4.0,True,Pending,,,,0.55,48.0,,,,1.0,0.35,,,,OnlineEM_a055_w48_prox_tt08_mt15_cap35_n20_tv10_lev2p0_hrp,,decarte,proximal_smooth,1.0,0.08,0.15,0.0,500.0
OnlineEM_a055_w48_prox_tt08_mt15_cap35_n20_tv15_lev2p0_equal,OnlineEM,20,0.15,2.0,equal,4.0,True,Completed,0.084154,0.3838,-0.604723,0.55,48.0,0.219276,0.1392,64.34,1.0,0.35,,,,,,optimizacion,proximal_smooth,1.0,0.08,0.15,0.0,500.0
OnlineEM_a055_w48_prox_tt08_mt15_cap35_n20_tv15_lev2p0_equal_decarte,OnlineEM,20,0.15,2.0,equal,4.0,True,Pending,,,,0.55,48.0,,,,1.0,0.35,,,,OnlineEM_a055_w48_prox_tt08_mt15_cap35_n20_tv15_lev2p0_equal,,decarte,proximal_smooth,1.0,0.08,0.15,0.0,500.0
OnlineEM_a055_w48_prox_tt08_mt15_cap35_n20_tv15_lev2p0_hrp,OnlineEM,20,0.15,2.0,hrp,4.0,True,Completed,0.077625,0.3188,-0.695783,0.55,48.0,0.243464,0.1116,65.73,1.0,0.35,,,,,,optimizacion,proximal_smooth,1.0,0.08,0.15,0.0,500.0
OnlineEM_a055_w48_prox_tt08_mt15_cap35_n20_tv15_lev2p0_hrp_decarte,OnlineEM,20,0.15,2.0,hrp,4.0,True,Pending,,,,0.55,48.0,,,,1.0,0.35,,,,OnlineEM_a055_w48_prox_tt08_mt15_cap35_n20_tv15_lev2p0_hrp,,decarte,proximal_smooth,1.0,0.08,0.15,0.0,500.0
OnlineEM_a055_w48_prox_tt08_mt15_cap35_n20_tv15_lev2p0_markowitz_lw,OnlineEM,20,0.15,2.0,markowitz_lw,4.0,True,Completed,0.110063,0.5038,-0.600816,0.55,48.0,0.218478,0.1832,60.84,1.0,0.35,,,,,,optimizacion,proximal_smooth,1.0,0.08,0.15,0.0,500.0
OnlineEM_a055_w48_prox_tt08_mt15_cap35_n20_tv15_lev2p0_markowitz_lw_decarte,OnlineEM,20,0.15,2.0,markowitz_lw,4.0,True,Completed,0.112587,0.5371,-0.570526,0.55,48.0,0.209613,0.1973,63.64,1.0,0.35,,,,OnlineEM_a055_w48_prox_tt08_mt15_cap35_n20_tv15_lev2p0_markowitz_lw,,decarte,proximal_smooth,1.0,0.08,0.15,0.0,500.0
OnlineEM_a060_w24_prox_tt08_mt15_cap35_n20_tv10_lev1p0_equal,OnlineEM,20,0.1,1.0,equal,2.0,True,Completed,0.078264,0.5691,-0.369778,0.6,24.0,0.137526,0.2117,62.24,1.0,0.35,,,,,,optimizacion,proximal_smooth,1.0,0.08,0.15,0.0,500.0
OnlineEM_a060_w24_prox_tt08_mt15_cap35_n20_tv10_lev1p0_equal_decarte,OnlineEM,20,0.1,1.0,equal,2.0,True,Completed,0.087663,0.633,-0.34459,0.6,24.0,0.138494,0.2544,65.03,1.0,0.35,,,,OnlineEM_a060_w24_prox_tt08_mt15_cap35_n20_tv10_lev1p0_equal,,decarte,proximal_smooth,1.0,0.08,0.15,0.0,500.0
OnlineEM_a060_w24_prox_tt08_mt15_cap35_n20_tv10_lev1p0_hrp,OnlineEM,20,0.1,1.0,hrp,2.0,True,Completed,0.100981,0.7838,-0.341566,0.6,24.0,0.128834,0.2956,65.03,1.0,0.35,,,,,,optimizacion,proximal_smooth,1.0,0.08,0.15,0.0,500.0
OnlineEM_a060_w24_prox_tt08_mt15_cap35_n20_tv10_lev1p0_hrp_decarte,OnlineEM,20,0.1,1.0,hrp,2.0,True,Completed,0.096753,0.7197,-0.323585,0.6,24.0,0.134429,0.299,65.73,1.0,0.35,,,,OnlineEM_a060_w24_prox_tt08_mt15_cap35_n20_tv10_lev1p0_hrp,,decarte,proximal_smooth,1.0,0.08,0.15,0.0,500.0
OnlineEM_a060_w24_prox_tt08_mt15_cap35_n20_tv10_lev1p0_markowitz_lw,OnlineEM,20,0.1,1.0,markowitz_lw,2.0,True,Completed,0.089504,0.6498,-0.367886,0.6,24.0,0.137748,0.2433,61.54,1.0,0.35,,,,,,optimizacion,proximal_smooth,1.0,0.08,0.15,0.0,500.0
OnlineEM_a060_w24_prox_tt08_mt15_cap35_n20_tv10_lev1p0_markowitz_lw_decarte,OnlineEM,20,0.1,1.0,markowitz_lw,2.0,True,Completed,0.099486,0.7339,-0.348436,0.6,24.0,0.135559,0.2855,66.43,1.0,0.35,,,,OnlineEM_a060_w24_prox_tt08_mt15_cap35_n20_tv10_lev1p0_markowitz_lw,,decarte,proximal_smooth,1.0,0.08,0.15,0.0,500.0
OnlineEM_a060_w24_prox_tt08_mt15_cap35_n20_tv15_lev1p0_hrp,OnlineEM,20,0.15,1.0,hrp,2.0,True,Completed,0.127645,0.8769,-0.341515,0.6,24.0,0.145566,0.3738,65.73,1.0,0.35,,,,,,optimizacion,proximal_smooth,1.0,0.08,0.15,0.0,500.0
OnlineEM_a060_w24_prox_tt08_mt15_cap35_n20_tv15_lev1p0_hrp_decarte,OnlineEM,20,0.15,1.0,hrp,2.0,True,Completed,0.125841,0.8342,-0.321088,0.6,24.0,0.150857,0.3919,66.43,1.0,0.35,,,,OnlineEM_a060_w24_prox_tt08_mt15_cap35_n20_tv15_lev1p0_hrp,,decarte,proximal_smooth,1.0,0.08,0.15,0.0,500.0
OnlineEM_a060_w24_prox_tt08_mt15_cap35_n20_tv15_lev1p0_markowitz_lw,OnlineEM,20,0.15,1.0,markowitz_lw,2.0,True,Completed,0.140653,0.8173,-0.389961,0.6,24.0,0.172087,0.3607,63.64,1.0,0.35,,,,,,optimizacion,proximal_smooth,1.0,0.08,0.15,0.0,500.0
OnlineEM_a060_w24_prox_tt08_mt15_cap35_n20_tv15_lev1p0_markowitz_lw_decarte,OnlineEM,20,0.15,1.0,markowitz_lw,2.0,True,Completed,0.155916,0.9497,-0.344401,0.6,24.0,0.164172,0.4527,65.03,1.0,0.35,,,,OnlineEM_a060_w24_prox_tt08_mt15_cap35_n20_tv15_lev1p0_markowitz_lw,,decarte,proximal_smooth,1.0,0.08,0.15,0.0,500.0
OnlineEM_a060_w48_prox_tt08_mt15_cap35_n20_tv10_lev1p0_equal,OnlineEM,20,0.1,1.0,equal,4.0,True,Completed,0.072027,0.5322,-0.3895,0.6,48.0,0.135342,0.1849,61.54,1.0,0.35,,,,,,optimizacion,proximal_smooth,1.0,0.08,0.15,0.0,500.0
OnlineEM_a060_w48_prox_tt08_mt15_cap35_n20_tv10_lev1p0_equal_decarte,OnlineEM,20,0.1,1.0,equal,4.0,True,Completed,0.062836,0.4673,-0.399154,0.6,48.0,0.134476,0.1574,62.94,1.0,0.35,,,,OnlineEM_a060_w48_prox_tt08_mt15_cap35_n20_tv10_lev1p0_equal,,decarte,proximal_smooth,1.0,0.08,0.15,0.0,500.0
OnlineEM_a060_w48_prox_tt08_mt15_cap35_n20_tv10_lev1p0_hrp,OnlineEM,20,0.1,1.0,hrp,4.0,True,Completed,0.078599,0.6363,-0.333292,0.6,48.0,0.123517,0.2358,65.03,1.0,0.35,,,,,,optimizacion,proximal_smooth,1.0,0.08,0.15,0.0,500.0
OnlineEM_a060_w48_prox_tt08_mt15_cap35_n20_tv10_lev1p0_hrp_decarte,OnlineEM,20,0.1,1.0,hrp,4.0,True,Completed,0.058049,0.4392,-0.385296,0.6,48.0,0.132157,0.1507,62.24,1.0,0.35,,,,OnlineEM_a060_w48_prox_tt08_mt15_cap35_n20_tv10_lev1p0_hrp,,decarte,proximal_smooth,1.0,0.08,0.15,0.0,500.0
OnlineEM_a060_w48_prox_tt08_mt15_cap35_n20_tv15_lev1p0_equal,OnlineEM,20,0.15,1.0,equal,4.0,True,Completed,0.110865,0.6548,-0.391846,0.6,48.0,0.169321,0.2829,62.24,1.0,0.35,,,,,,optimizacion,proximal_smooth,1.0,0.08,0.15,0.0,500.0
OnlineEM_a060_w48_prox_tt08_mt15_cap35_n20_tv15_lev1p0_equal_decarte,OnlineEM,20,0.15,1.0,equal,4.0,True,Completed,0.101649,0.6006,-0.399924,0.6,48.0,0.169243,0.2542,62.94,1.0,0.35,,,,OnlineEM_a060_w48_prox_tt08_mt15_cap35_n20_tv15_lev1p0_equal,,decarte,proximal_smooth,1.0,0.08,0.15,0.0,500.0
OnlineEM_a060_w48_prox_tt08_mt15_cap35_n20_tv15_lev1p0_hrp,OnlineEM,20,0.15,1.0,hrp,4.0,True,Completed,0.117847,0.814,-0.328097,0.6,48.0,0.144778,0.3592,67.13,1.0,0.35,,,,,,optimizacion,proximal_smooth,1.0,0.08,0.15,0.0,500.0
OnlineEM_a060_w48_prox_tt08_mt15_cap35_n20_tv15_lev1p0_hrp_decarte,OnlineEM,20,0.15,1.0,hrp,4.0,True,Completed,0.07568,0.4984,-0.38476,0.6,48.0,0.151838,0.1967,62.94,1.0,0.35,,,,OnlineEM_a060_w48_prox_tt08_mt15_cap35_n20_tv15_lev1p0_hrp,,decarte,proximal_smooth,1.0,0.08,0.15,0.0,500.0
OnlineEM_a060_w48_prox_tt08_mt15_cap35_n20_tv15_lev1p0_markowitz_lw,OnlineEM,20,0.15,1.0,markowitz_lw,4.0,True,Completed,0.12078,0.7335,-0.336569,0.6,48.0,0.164658,0.3589,62.94,1.0,0.35,,,,,,optimizacion,proximal_smooth,1.0,0.08,0.15,0.0,500.0
OnlineEM_a060_w48_prox_tt08_mt15_cap35_n20_tv15_lev1p0_markowitz_lw_decarte,OnlineEM,20,0.15,1.0,markowitz_lw,4.0,True,Completed,0.110641,0.6355,-0.440558,0.6,48.0,0.174092,0.2511,61.54,1.0,0.35,,,,OnlineEM_a060_w48_prox_tt08_mt15_cap35_n20_tv15_lev1p0_markowitz_lw,,decarte,proximal_smooth,1.0,0.08,0.15,0.0,500.0
OnlineEM_a060_w24_prox_tt08_mt15_cap35_n20_tv10_lev2p0_equal,OnlineEM,20,0.1,2.0,equal,2.0,True,Completed,0.078072,0.5664,-0.374924,0.6,24.0,0.137833,0.2082,62.94,1.0,0.35,,,,,,optimizacion,proximal_smooth,1.0,0.08,0.15,0.0,500.0
OnlineEM_a060_w24_prox_tt08_mt15_cap35_n20_tv10_lev2p0_equal_decarte,OnlineEM,20,0.1,2.0,equal,2.0,True,Completed,0.085396,0.6138,-0.36269,0.6,24.0,0.139126,0.2355,65.03,1.0,0.35,,,,OnlineEM_a060_w24_prox_tt08_mt15_cap35_n20_tv10_lev2p0_equal,,decarte,proximal_smooth,1.0,0.08,0.15,0.0,500.0
OnlineEM_a060_w24_prox_tt08_mt15_cap35_n20_tv10_lev2p0_hrp,OnlineEM,20,0.1,2.0,hrp,2.0,True,Completed,0.085011,0.5584,-0.462023,0.6,24.0,0.152246,0.184,65.73,1.0,0.35,,,,,,optimizacion,proximal_smooth,1.0,0.08,0.15,0.0,500.0
OnlineEM_a060_w24_prox_tt08_mt15_cap35_n20_tv10_lev2p0_hrp_decarte,OnlineEM,20,0.1,2.0,hrp,2.0,True,Completed,0.088156,0.5898,-0.392115,0.6,24.0,0.149461,0.2248,66.43,1.0,0.35,,,,OnlineEM_a060_w24_prox_tt08_mt15_cap35_n20_tv10_lev2p0_hrp,,decarte,proximal_smooth,1.0,0.08,0.15,0.0,500.0
OnlineEM_a060_w24_prox_tt08_mt15_cap35_n20_tv10_lev2p0_markowitz_lw,OnlineEM,20,0.1,2.0,markowitz_lw,2.0,True,Completed,0.088014,0.6241,-0.370674,0.6,24.0,0.141029,0.2374,61.54,1.0,0.35,,,,,,optimizacion,proximal_smooth,1.0,0.08,0.15,0.0,500.0
OnlineEM_a060_w24_prox_tt08_mt15_cap35_n20_tv10_lev2p0_markowitz_lw_decarte,OnlineEM,20,0.1,2.0,markowitz_lw,2.0,True,Completed,0.097573,0.7042,-0.348403,0.6,24.0,0.138555,0.2801,65.73,1.0,0.35,,,,OnlineEM_a060_w24_prox_tt08_mt15_cap35_n20_tv10_lev2p0_markowitz_lw,,decarte,proximal_smooth,1.0,0.08,0.15,0.0,500.0
OnlineEM_a060_w24_prox_tt08_mt15_cap35_n20_tv15_lev2p0_equal,OnlineEM,20,0.15,2.0,equal,2.0,True,Completed,0.109442,0.5072,-0.53457,0.6,24.0,0.215779,0.2047,61.54,1.0,0.35,,,,,,optimizacion,proximal_smooth,1.0,0.08,0.15,0.0,500.0
OnlineEM_a060_w24_prox_tt08_mt15_cap35_n20_tv15_lev2p0_equal_decarte,OnlineEM,20,0.15,2.0,equal,2.0,True,Completed,0.120795,0.5557,-0.516648,0.6,24.0,0.217383,0.2338,65.03,1.0,0.35,,,,OnlineEM_a060_w24_prox_tt08_mt15_cap35_n20_tv15_lev2p0_equal,,decarte,proximal_smooth,1.0,0.08,0.15,0.0,500.0
OnlineEM_a060_w24_prox_tt08_mt15_cap35_n20_tv15_lev2p0_hrp,OnlineEM,20,0.15,2.0,hrp,2.0,True,Completed,0.109613,0.449,-0.649735,0.6,24.0,0.244112,0.1687,65.73,1.0,0.35,,,,,,optimizacion,proximal_smooth,1.0,0.08,0.15,0.0,500.0
OnlineEM_a060_w24_prox_tt08_mt15_cap35_n20_tv15_lev2p0_hrp_decarte,OnlineEM,20,0.15,2.0,hrp,2.0,True,Completed,0.119158,0.5103,-0.536223,0.6,24.0,0.233502,0.2222,66.43,1.0,0.35,,,,OnlineEM_a060_w24_prox_tt08_mt15_cap35_n20_tv15_lev2p0_hrp,,decarte,proximal_smooth,1.0,0.08,0.15,0.0,500.0
OnlineEM_a060_w24_prox_tt08_mt15_cap35_n20_tv15_lev2p0_markowitz_lw,OnlineEM,20,0.15,2.0,markowitz_lw,2.0,True,Completed,0.123802,0.5646,-0.534292,0.6,24.0,0.21926,0.2317,61.54,1.0,0.35,,,,,,optimizacion,proximal_smooth,1.0,0.08,0.15,0.0,500.0
OnlineEM_a060_w24_prox_tt08_mt15_cap35_n20_tv15_lev2p0_markowitz_lw_decarte,OnlineEM,20,0.15,2.0,markowitz_lw,2.0,True,Completed,0.138353,0.6458,-0.497165,0.6,24.0,0.214246,0.2783,65.03,1.0,0.35,,,,OnlineEM_a060_w24_prox_tt08_mt15_cap35_n20_tv15_lev2p0_markowitz_lw,,decarte,proximal_smooth,1.0,0.08,0.15,0.0,500.0
OnlineEM_a060_w48_prox_tt08_mt15_cap35_n20_tv10_lev2p0_equal,OnlineEM,20,0.1,2.0,equal,4.0,True,Completed,0.064628,0.4534,-0.447228,0.6,48.0,0.142553,0.1445,61.54,1.0,0.35,,,,,,optimizacion,proximal_smooth,1.0,0.08,0.15,0.0,500.0
OnlineEM_a060_w48_prox_tt08_mt15_cap35_n20_tv10_lev2p0_equal_decarte,OnlineEM,20,0.1,2.0,equal,4.0,True,Completed,0.06025,0.4454,-0.417861,0.6,48.0,0.135284,0.1442,62.94,1.0,0.35,,,,OnlineEM_a060_w48_prox_tt08_mt15_cap35_n20_tv10_lev2p0_equal,,decarte,proximal_smooth,1.0,0.08,0.15,0.0,500.0
OnlineEM_a060_w48_prox_tt08_mt15_cap35_n20_tv10_lev2p0_hrp,OnlineEM,20,0.1,2.0,hrp,4.0,True,Completed,0.054133,0.3119,-0.603098,0.6,48.0,0.173573,0.0898,67.13,1.0,0.35,,,,,,optimizacion,proximal_smooth,1.0,0.08,0.15,0.0,500.0
OnlineEM_a060_w48_prox_tt08_mt15_cap35_n20_tv10_lev2p0_hrp_decarte,OnlineEM,20,0.1,2.0,hrp,4.0,True,Pending,,,,0.6,48.0,,,,1.0,0.35,,,,OnlineEM_a060_w48_prox_tt08_mt15_cap35_n20_tv10_lev2p0_hrp,,decarte,proximal_smooth,1.0,0.08,0.15,0.0,500.0
OnlineEM_a060_w48_prox_tt08_mt15_cap35_n20_tv10_lev2p0_markowitz_lw,OnlineEM,20,0.1,2.0,markowitz_lw,4.0,True,Completed,0.078866,0.6056,-0.365586,0.6,48.0,0.13023,0.2157,62.24,1.0,0.35,,,,,,optimizacion,proximal_smooth,1.0,0.08,0.15,0.0,500.0
OnlineEM_a060_w48_prox_tt08_mt15_cap35_n20_tv10_lev2p0_markowitz_lw_decarte,OnlineEM,20,0.1,2.0,markowitz_lw,4.0,True,Completed,0.076034,0.5284,-0.465023,0.6,48.0,0.143893,0.1635,62.94,1.0,0.35,,,,OnlineEM_a060_w48_prox_tt08_mt15_cap35_n20_tv10_lev2p0_markowitz_lw,,decarte,proximal_smooth,1.0,0.08,0.15,0.0,500.0
OnlineEM_a060_w48_prox_tt08_mt15_cap35_n20_tv15_lev2p0_equal,OnlineEM,20,0.15,2.0,equal,4.0,True,Completed,0.088324,0.3892,-0.631901,0.6,48.0,0.226962,0.1398,61.54,1.0,0.35,,,,,,optimizacion,proximal_smooth,1.0,0.08,0.15,0.0,500.0
OnlineEM_a060_w48_prox_tt08_mt15_cap35_n20_tv15_lev2p0_equal_decarte,OnlineEM,20,0.15,2.0,equal,4.0,True,Completed,0.082518,0.386,-0.591597,0.6,48.0,0.213749,0.1395,62.94,1.0,0.35,,,,OnlineEM_a060_w48_prox_tt08_mt15_cap35_n20_tv15_lev2p0_equal,,decarte,proximal_smooth,1.0,0.08,0.15,0.0,500.0
OnlineEM_a060_w48_prox_tt08_mt15_cap35_n20_tv15_lev2p0_markowitz_lw,OnlineEM,20,0.15,2.0,markowitz_lw,4.0,True,Completed,0.1113,0.5533,-0.523639,0.6,48.0,0.201157,0.2126,62.24,1.0,0.35,,,,,,optimizacion,proximal_smooth,1.0,0.08,0.15,0.0,500.0
OnlineEM_a060_w48_prox_tt08_mt15_cap35_n20_tv15_lev2p0_markowitz_lw_decarte,OnlineEM,20,0.15,2.0,markowitz_lw,4.0,True,Completed,0.104172,0.4443,-0.661494,0.6,48.0,0.234442,0.1575,62.94,1.0,0.35,,,,OnlineEM_a060_w48_prox_tt08_mt15_cap35_n20_tv15_lev2p0_markowitz_lw,,decarte,proximal_smooth,1.0,0.08,0.15,0.0,500.0
